customer_id,segment,cluster
CUST00001,Price-Sensitive,2
CUST00002,Occasional,3
CUST00003,Occasional,3
CUST00004,High-Value,1
CUST00005,Loyal,0
CUST00006,Loyal,0
CUST00007,High-Value,1
CUST00008,Occasional,3
CUST00009,Occasional,3
CUST00010,Loyal,0
CUST00011,Occasional,3
CUST00012,High-Value,1
CUST00013,Price-Sensitive,4
CUST00014,High-Value,1
CUST00015,High-Value,1
CUST00016,Occasional,3
CUST00017,Occasional,3
CUST00018,Occasional,3
CUST00019,Occasional,3
CUST00020,Occasional,3
CUST00021,High-Value,1
CUST00022,Price-Sensitive,2
CUST00023,Loyal,0
CUST00024,Occasional,3
CUST00025,Occasional,3
CUST00026,Price-Sensitive,4
CUST00027,Occasional,3
CUST00028,High-Value,1
CUST00029,Price-Sensitive,2
CUST00030,High-Value,1
CUST00031,Occasional,3
CUST00032,Occasional,3
CUST00033,Price-Sensitive,2
CUST00034,Occasional,3
CUST00035,Price-Sensitive,4
CUST00036,Price-Sensitive,4
CUST00037,High-Value,1
CUST00038,Price-Sensitive,2
CUST00039,Price-Sensitive,4
CUST00040,Occasional,3
CUST00041,Loyal,0
CUST00042,High-Value,1
CUST00043,Occasional,3
CUST00044,Occasional,3
CUST00045,High-Value,1
CUST00046,Occasional,3
CUST00047,Price-Sensitive,2
CUST00048,Occasional,3
CUST00049,Occasional,3
CUST00050,Loyal,0
CUST00051,High-Value,1
CUST00052,Occasional,3
CUST00053,Price-Sensitive,4
CUST00054,Occasional,3
CUST00055,Occasional,3
CUST00056,Price-Sensitive,4
CUST00057,Loyal,0
CUST00058,Loyal,0
CUST00059,Occasional,3
CUST00060,High-Value,1
CUST00061,Occasional,3
CUST00062,High-Value,1
CUST00063,High-Value,1
CUST00064,Price-Sensitive,4
CUST00065,Occasional,3
CUST00066,Occasional,3
CUST00067,Price-Sensitive,2
CUST00068,Price-Sensitive,2
CUST00069,Occasional,3
CUST00070,Occasional,3
CUST00071,Price-Sensitive,2
CUST00072,Price-Sensitive,2
CUST00073,Price-Sensitive,2
CUST00074,Price-Sensitive,4
CUST00075,Price-Sensitive,4
CUST00076,Occasional,3
CUST00077,Loyal,0
CUST00078,High-Value,1
CUST00079,High-Value,1
CUST00080,High-Value,1
CUST00081,Occasional,3
CUST00082,Price-Sensitive,4
CUST00083,Occasional,3
CUST00084,Occasional,3
CUST00085,Occasional,3
CUST00086,Occasional,3
CUST00087,Price-Sensitive,2
CUST00088,High-Value,1
CUST00089,High-Value,1
CUST00090,Price-Sensitive,4
CUST00091,Occasional,3
CUST00092,Loyal,0
CUST00093,Price-Sensitive,2
CUST00094,Price-Sensitive,4
CUST00095,High-Value,1
CUST00096,High-Value,1
CUST00097,Price-Sensitive,4
CUST00098,Price-Sensitive,4
CUST00099,High-Value,1
CUST00100,Price-Sensitive,4
CUST00101,Price-Sensitive,4
CUST00102,Occasional,3
CUST00103,High-Value,1
CUST00104,Occasional,3
CUST00105,Loyal,0
CUST00106,Occasional,3
CUST00107,Loyal,0
CUST00108,Occasional,3
CUST00109,High-Value,1
CUST00110,High-Value,1
CUST00111,Loyal,0
CUST00112,Price-Sensitive,4
CUST00113,Loyal,0
CUST00114,Occasional,3
CUST00115,Price-Sensitive,2
CUST00116,Occasional,3
CUST00117,Occasional,3
CUST00118,Occasional,3
CUST00119,Occasional,3
CUST00120,Occasional,3
CUST00121,High-Value,1
CUST00122,Occasional,3
CUST00123,Occasional,3
CUST00124,Occasional,3
CUST00125,High-Value,1
CUST00126,Price-Sensitive,4
CUST00127,Price-Sensitive,2
CUST00128,Price-Sensitive,4
CUST00129,Price-Sensitive,4
CUST00130,Price-Sensitive,2
CUST00131,High-Value,1
CUST00132,Occasional,3
CUST00133,Price-Sensitive,2
CUST00134,Price-Sensitive,4
CUST00135,Occasional,3
CUST00136,Price-Sensitive,2
CUST00137,High-Value,1
CUST00138,Price-Sensitive,2
CUST00139,High-Value,1
CUST00140,High-Value,1
CUST00141,Occasional,3
CUST00142,High-Value,1
CUST00143,Occasional,3
CUST00144,High-Value,1
CUST00145,High-Value,1
CUST00146,Occasional,3
CUST00147,Price-Sensitive,2
CUST00148,Occasional,3
CUST00149,Occasional,3
CUST00150,Occasional,3
CUST00151,Occasional,3
CUST00152,Loyal,0
CUST00153,Price-Sensitive,4
CUST00154,Price-Sensitive,4
CUST00155,Occasional,3
CUST00156,Occasional,3
CUST00157,Price-Sensitive,2
CUST00158,Occasional,3
CUST00159,Price-Sensitive,4
CUST00160,High-Value,1
CUST00161,Occasional,3
CUST00162,Loyal,0
CUST00163,Price-Sensitive,4
CUST00164,Price-Sensitive,2
CUST00165,High-Value,1
CUST00166,High-Value,1
CUST00167,Price-Sensitive,4
CUST00168,High-Value,1
CUST00169,Occasional,3
CUST00170,High-Value,1
CUST00171,Occasional,3
CUST00172,Occasional,3
CUST00173,Occasional,3
CUST00174,High-Value,1
CUST00175,Occasional,3
CUST00176,High-Value,1
CUST00177,Occasional,3
CUST00178,High-Value,1
CUST00179,Occasional,3
CUST00180,Occasional,3
CUST00181,Occasional,3
CUST00182,Price-Sensitive,2
CUST00183,High-Value,1
CUST00184,Occasional,3
CUST00185,Price-Sensitive,4
CUST00186,High-Value,1
CUST00187,Price-Sensitive,2
CUST00188,Loyal,0
CUST00189,Occasional,3
CUST00190,Loyal,0
CUST00191,Price-Sensitive,4
CUST00192,Price-Sensitive,2
CUST00193,Price-Sensitive,4
CUST00194,Occasional,3
CUST00195,Price-Sensitive,4
CUST00196,High-Value,1
CUST00197,Loyal,0
CUST00198,Occasional,3
CUST00199,Loyal,0
CUST00200,Occasional,3
CUST00201,Occasional,3
CUST00202,Occasional,3
CUST00203,Loyal,0
CUST00204,Occasional,3
CUST00205,Loyal,0
CUST00206,Occasional,3
CUST00207,Occasional,3
CUST00208,Loyal,0
CUST00209,Occasional,3
CUST00210,Occasional,3
CUST00211,Loyal,0
CUST00212,Price-Sensitive,2
CUST00213,Price-Sensitive,4
CUST00214,High-Value,1
CUST00215,Occasional,3
CUST00216,Price-Sensitive,4
CUST00217,Price-Sensitive,4
CUST00218,Loyal,0
CUST00219,High-Value,1
CUST00220,High-Value,1
CUST00221,High-Value,1
CUST00222,High-Value,1
CUST00223,Occasional,3
CUST00224,Occasional,3
CUST00225,High-Value,1
CUST00226,Occasional,3
CUST00227,Price-Sensitive,4
CUST00228,Occasional,3
CUST00229,Occasional,3
CUST00230,Price-Sensitive,2
CUST00231,Loyal,0
CUST00232,Loyal,0
CUST00233,Occasional,3
CUST00234,Occasional,3
CUST00235,Loyal,0
CUST00236,Price-Sensitive,4
CUST00237,Occasional,3
CUST00238,Loyal,0
CUST00239,Loyal,0
CUST00240,Occasional,3
CUST00241,Occasional,3
CUST00242,Occasional,3
CUST00243,High-Value,1
CUST00244,Price-Sensitive,4
CUST00245,Occasional,3
CUST00246,Occasional,3
CUST00247,Price-Sensitive,4
CUST00248,Price-Sensitive,4
CUST00249,Price-Sensitive,4
CUST00250,Loyal,0
CUST00251,Price-Sensitive,2
CUST00252,Price-Sensitive,2
CUST00253,Loyal,0
CUST00254,Occasional,3
CUST00255,Occasional,3
CUST00256,Occasional,3
CUST00257,Occasional,3
CUST00258,Occasional,3
CUST00259,Occasional,3
CUST00260,High-Value,1
CUST00261,High-Value,1
CUST00262,High-Value,1
CUST00263,Occasional,3
CUST00264,Occasional,3
CUST00265,Occasional,3
CUST00266,Price-Sensitive,4
CUST00267,Occasional,3
CUST00268,Price-Sensitive,2
CUST00269,Occasional,3
CUST00270,Price-Sensitive,2
CUST00271,High-Value,1
CUST00272,Occasional,3
CUST00273,High-Value,1
CUST00274,Occasional,3
CUST00275,High-Value,1
CUST00276,High-Value,1
CUST00277,Occasional,3
CUST00278,Occasional,3
CUST00279,Price-Sensitive,4
CUST00280,Occasional,3
CUST00281,High-Value,1
CUST00282,Price-Sensitive,2
CUST00283,Price-Sensitive,2
CUST00284,Occasional,3
CUST00285,Loyal,0
CUST00286,Price-Sensitive,4
CUST00287,Price-Sensitive,2
CUST00288,High-Value,1
CUST00289,Occasional,3
CUST00290,High-Value,1
CUST00291,High-Value,1
CUST00292,Price-Sensitive,2
CUST00293,Occasional,3
CUST00294,Occasional,3
CUST00295,Occasional,3
CUST00296,High-Value,1
CUST00297,High-Value,1
CUST00298,High-Value,1
CUST00299,Price-Sensitive,2
CUST00300,High-Value,1
CUST00301,Occasional,3
CUST00302,Price-Sensitive,4
CUST00303,Loyal,0
CUST00304,Loyal,0
CUST00305,High-Value,1
CUST00306,Price-Sensitive,2
CUST00307,Occasional,3
CUST00308,High-Value,1
CUST00309,Occasional,3
CUST00310,Loyal,0
CUST00311,Price-Sensitive,2
CUST00312,Loyal,0
CUST00313,Occasional,3
CUST00314,Occasional,3
CUST00315,Price-Sensitive,4
CUST00316,Occasional,3
CUST00317,Occasional,3
CUST00318,Price-Sensitive,4
CUST00319,Price-Sensitive,2
CUST00320,Loyal,0
CUST00321,Occasional,3
CUST00322,Occasional,3
CUST00323,Occasional,3
CUST00324,Occasional,3
CUST00325,Loyal,0
CUST00326,Price-Sensitive,4
CUST00327,High-Value,1
CUST00328,High-Value,1
CUST00329,High-Value,1
CUST00330,Occasional,3
CUST00331,Price-Sensitive,4
CUST00332,Price-Sensitive,4
CUST00333,Occasional,3
CUST00334,Occasional,3
CUST00335,Occasional,3
CUST00336,Price-Sensitive,4
CUST00337,Loyal,0
CUST00338,High-Value,1
CUST00339,Price-Sensitive,2
CUST00340,Occasional,3
CUST00341,Occasional,3
CUST00342,Loyal,0
CUST00343,Occasional,3
CUST00344,Occasional,3
CUST00345,Occasional,3
CUST00346,High-Value,1
CUST00347,Price-Sensitive,2
CUST00348,Occasional,3
CUST00349,Occasional,3
CUST00350,Price-Sensitive,4
CUST00351,Occasional,3
CUST00352,High-Value,1
CUST00353,Price-Sensitive,2
CUST00354,Occasional,3
CUST00355,Occasional,3
CUST00356,High-Value,1
CUST00357,Occasional,3
CUST00358,Loyal,0
CUST00359,Occasional,3
CUST00360,Loyal,0
CUST00361,High-Value,1
CUST00362,Occasional,3
CUST00363,Price-Sensitive,2
CUST00364,Loyal,0
CUST00365,Price-Sensitive,2
CUST00366,Occasional,3
CUST00367,Occasional,3
CUST00368,Price-Sensitive,2
CUST00369,High-Value,1
CUST00370,Occasional,3
CUST00371,Price-Sensitive,2
CUST00372,Price-Sensitive,2
CUST00373,High-Value,1
CUST00374,Price-Sensitive,4
CUST00375,Price-Sensitive,4
CUST00376,Price-Sensitive,4
CUST00377,Price-Sensitive,4
CUST00378,Price-Sensitive,2
CUST00379,Price-Sensitive,4
CUST00380,Loyal,0
CUST00381,High-Value,1
CUST00382,Price-Sensitive,2
CUST00383,Loyal,0
CUST00384,Price-Sensitive,4
CUST00385,Price-Sensitive,4
CUST00386,High-Value,1
CUST00387,Occasional,3
CUST00388,Occasional,3
CUST00389,Price-Sensitive,4
CUST00390,Occasional,3
CUST00391,High-Value,1
CUST00392,Price-Sensitive,2
CUST00393,Occasional,3
CUST00394,Occasional,3
CUST00395,High-Value,1
CUST00396,Price-Sensitive,2
CUST00397,Occasional,3
CUST00398,Occasional,3
CUST00399,High-Value,1
CUST00400,Loyal,0
CUST00401,High-Value,1
CUST00402,Occasional,3
CUST00403,Price-Sensitive,2
CUST00404,Price-Sensitive,2
CUST00405,Occasional,3
CUST00406,High-Value,1
CUST00407,High-Value,1
CUST00408,Price-Sensitive,2
CUST00409,Occasional,3
CUST00410,Occasional,3
CUST00411,Occasional,3
CUST00412,Price-Sensitive,4
CUST00413,Price-Sensitive,2
CUST00414,Price-Sensitive,2
CUST00415,Loyal,0
CUST00416,High-Value,1
CUST00417,Occasional,3
CUST00418,High-Value,1
CUST00419,Price-Sensitive,2
CUST00420,High-Value,1
CUST00421,Occasional,3
CUST00422,High-Value,1
CUST00423,Occasional,3
CUST00424,Price-Sensitive,4
CUST00425,Price-Sensitive,2
CUST00426,Occasional,3
CUST00427,High-Value,1
CUST00428,Price-Sensitive,2
CUST00429,Occasional,3
CUST00430,Loyal,0
CUST00431,Occasional,3
CUST00432,Price-Sensitive,4
CUST00433,Occasional,3
CUST00434,Occasional,3
CUST00435,Occasional,3
CUST00436,High-Value,1
CUST00437,Price-Sensitive,4
CUST00438,High-Value,1
CUST00439,Occasional,3
CUST00440,High-Value,1
CUST00441,Loyal,0
CUST00442,Loyal,0
CUST00443,Price-Sensitive,2
CUST00444,Occasional,3
CUST00445,Loyal,0
CUST00446,Occasional,3
CUST00447,High-Value,1
CUST00448,Occasional,3
CUST00449,Price-Sensitive,4
CUST00450,Loyal,0
CUST00451,Loyal,0
CUST00452,Occasional,3
CUST00453,High-Value,1
CUST00454,Price-Sensitive,4
CUST00455,High-Value,1
CUST00456,Price-Sensitive,4
CUST00457,Occasional,3
CUST00458,High-Value,1
CUST00459,Loyal,0
CUST00460,Occasional,3
CUST00461,Loyal,0
CUST00462,Occasional,3
CUST00463,Occasional,3
CUST00464,Price-Sensitive,2
CUST00465,Occasional,3
CUST00466,Price-Sensitive,4
CUST00467,Occasional,3
CUST00468,Occasional,3
CUST00469,High-Value,1
CUST00470,Occasional,3
CUST00471,Loyal,0
CUST00472,Price-Sensitive,4
CUST00473,Loyal,0
CUST00474,Loyal,0
CUST00475,Occasional,3
CUST00476,Price-Sensitive,4
CUST00477,High-Value,1
CUST00478,Occasional,3
CUST00479,Price-Sensitive,4
CUST00480,High-Value,1
CUST00481,High-Value,1
CUST00482,Price-Sensitive,4
CUST00483,Occasional,3
CUST00484,Occasional,3
CUST00485,Loyal,0
CUST00486,Occasional,3
CUST00487,Price-Sensitive,4
CUST00488,High-Value,1
CUST00489,Occasional,3
CUST00490,Occasional,3
CUST00491,Price-Sensitive,4
CUST00492,High-Value,1
CUST00493,Price-Sensitive,4
CUST00494,Price-Sensitive,2
CUST00495,Price-Sensitive,4
CUST00496,Occasional,3
CUST00497,Occasional,3
CUST00498,Price-Sensitive,2
CUST00499,Loyal,0
CUST00500,High-Value,1
CUST00501,Price-Sensitive,4
CUST00502,Occasional,3
CUST00503,Loyal,0
CUST00504,Price-Sensitive,4
CUST00505,Loyal,0
CUST00506,High-Value,1
CUST00507,High-Value,1
CUST00508,Occasional,3
CUST00509,Price-Sensitive,2
CUST00510,Price-Sensitive,4
CUST00511,Occasional,3
CUST00512,Loyal,0
CUST00513,High-Value,1
CUST00514,Occasional,3
CUST00515,Occasional,3
CUST00516,Occasional,3
CUST00517,Occasional,3
CUST00518,Loyal,0
CUST00519,Price-Sensitive,4
CUST00520,Price-Sensitive,2
CUST00521,Loyal,0
CUST00522,High-Value,1
CUST00523,High-Value,1
CUST00524,Price-Sensitive,2
CUST00525,Price-Sensitive,2
CUST00526,Price-Sensitive,2
CUST00527,Occasional,3
CUST00528,Loyal,0
CUST00529,High-Value,1
CUST00530,High-Value,1
CUST00531,Occasional,3
CUST00532,Price-Sensitive,4
CUST00533,Loyal,0
CUST00534,Price-Sensitive,2
CUST00535,Occasional,3
CUST00536,Price-Sensitive,2
CUST00537,Occasional,3
CUST00538,Occasional,3
CUST00539,Price-Sensitive,2
CUST00540,Price-Sensitive,2
CUST00541,Loyal,0
CUST00542,Price-Sensitive,2
CUST00543,High-Value,1
CUST00544,High-Value,1
CUST00545,High-Value,1
CUST00546,Occasional,3
CUST00547,High-Value,1
CUST00548,Occasional,3
CUST00549,High-Value,1
CUST00550,Occasional,3
CUST00551,High-Value,1
CUST00552,Loyal,0
CUST00553,Occasional,3
CUST00554,High-Value,1
CUST00555,Price-Sensitive,2
CUST00556,Loyal,0
CUST00557,Occasional,3
CUST00558,High-Value,1
CUST00559,High-Value,1
CUST00560,Price-Sensitive,4
CUST00561,Price-Sensitive,4
CUST00562,Loyal,0
CUST00563,Loyal,0
CUST00564,Price-Sensitive,2
CUST00565,Price-Sensitive,2
CUST00566,Occasional,3
CUST00567,Occasional,3
CUST00568,Loyal,0
CUST00569,High-Value,1
CUST00570,Occasional,3
CUST00571,Loyal,0
CUST00572,Occasional,3
CUST00573,High-Value,1
CUST00574,Occasional,3
CUST00575,Occasional,3
CUST00576,High-Value,1
CUST00577,Occasional,3
CUST00578,Price-Sensitive,4
CUST00579,Occasional,3
CUST00580,Price-Sensitive,2
CUST00581,Occasional,3
CUST00582,Occasional,3
CUST00583,Occasional,3
CUST00584,Price-Sensitive,4
CUST00585,High-Value,1
CUST00586,Occasional,3
CUST00587,Occasional,3
CUST00588,Price-Sensitive,4
CUST00589,Price-Sensitive,4
CUST00590,Price-Sensitive,4
CUST00591,Occasional,3
CUST00592,Occasional,3
CUST00593,Occasional,3
CUST00594,High-Value,1
CUST00595,High-Value,1
CUST00596,Occasional,3
CUST00597,Price-Sensitive,2
CUST00598,High-Value,1
CUST00599,Occasional,3
CUST00600,Price-Sensitive,4
CUST00601,Price-Sensitive,2
CUST00602,Price-Sensitive,4
CUST00603,Price-Sensitive,4
CUST00604,Occasional,3
CUST00605,Occasional,3
CUST00606,Occasional,3
CUST00607,Price-Sensitive,4
CUST00608,Price-Sensitive,4
CUST00609,Occasional,3
CUST00610,Occasional,3
CUST00611,Loyal,0
CUST00612,Occasional,3
CUST00613,Occasional,3
CUST00614,Occasional,3
CUST00615,High-Value,1
CUST00616,Loyal,0
CUST00617,High-Value,1
CUST00618,High-Value,1
CUST00619,Occasional,3
CUST00620,Price-Sensitive,4
CUST00621,Loyal,0
CUST00622,Price-Sensitive,4
CUST00623,Price-Sensitive,4
CUST00624,Occasional,3
CUST00625,Occasional,3
CUST00626,Occasional,3
CUST00627,Occasional,3
CUST00628,Occasional,3
CUST00629,Price-Sensitive,4
CUST00630,Occasional,3
CUST00631,Price-Sensitive,4
CUST00632,Price-Sensitive,4
CUST00633,Price-Sensitive,4
CUST00634,High-Value,1
CUST00635,Occasional,3
CUST00636,Occasional,3
CUST00637,Loyal,0
CUST00638,Price-Sensitive,4
CUST00639,Price-Sensitive,4
CUST00640,High-Value,1
CUST00641,Occasional,3
CUST00642,Price-Sensitive,4
CUST00643,High-Value,1
CUST00644,Occasional,3
CUST00645,Occasional,3
CUST00646,Price-Sensitive,2
CUST00647,Loyal,0
CUST00648,Occasional,3
CUST00649,Price-Sensitive,2
CUST00650,High-Value,1
CUST00651,Loyal,0
CUST00652,Loyal,0
CUST00653,Occasional,3
CUST00654,Occasional,3
CUST00655,Occasional,3
CUST00656,Price-Sensitive,2
CUST00657,Price-Sensitive,2
CUST00658,Loyal,0
CUST00659,Price-Sensitive,2
CUST00660,Occasional,3
CUST00661,Occasional,3
CUST00662,Occasional,3
CUST00663,Occasional,3
CUST00664,Occasional,3
CUST00665,Occasional,3
CUST00666,Occasional,3
CUST00667,Occasional,3
CUST00668,Occasional,3
CUST00669,Loyal,0
CUST00670,Price-Sensitive,2
CUST00671,Price-Sensitive,2
CUST00672,Occasional,3
CUST00673,Price-Sensitive,4
CUST00674,Loyal,0
CUST00675,Price-Sensitive,4
CUST00676,Price-Sensitive,4
CUST00677,Price-Sensitive,2
CUST00678,Loyal,0
CUST00679,Occasional,3
CUST00680,Price-Sensitive,4
CUST00681,High-Value,1
CUST00682,High-Value,1
CUST00683,Price-Sensitive,4
CUST00684,Loyal,0
CUST00685,High-Value,1
CUST00686,Loyal,0
CUST00687,Loyal,0
CUST00688,Price-Sensitive,2
CUST00689,Loyal,0
CUST00690,Price-Sensitive,2
CUST00691,High-Value,1
CUST00692,High-Value,1
CUST00693,Occasional,3
CUST00694,High-Value,1
CUST00695,Price-Sensitive,2
CUST00696,Occasional,3
CUST00697,Occasional,3
CUST00698,Occasional,3
CUST00699,High-Value,1
CUST00700,High-Value,1
CUST00701,Price-Sensitive,4
CUST00702,High-Value,1
CUST00703,Occasional,3
CUST00704,Occasional,3
CUST00705,Occasional,3
CUST00706,Loyal,0
CUST00707,High-Value,1
CUST00708,Occasional,3
CUST00709,Occasional,3
CUST00710,Loyal,0
CUST00711,High-Value,1
CUST00712,High-Value,1
CUST00713,Occasional,3
CUST00714,Occasional,3
CUST00715,Price-Sensitive,2
CUST00716,Price-Sensitive,4
CUST00717,Occasional,3
CUST00718,Price-Sensitive,4
CUST00719,Occasional,3
CUST00720,High-Value,1
CUST00721,Occasional,3
CUST00722,High-Value,1
CUST00723,Occasional,3
CUST00724,Price-Sensitive,4
CUST00725,Occasional,3
CUST00726,High-Value,1
CUST00727,Occasional,3
CUST00728,High-Value,1
CUST00729,Price-Sensitive,4
CUST00730,Price-Sensitive,4
CUST00731,High-Value,1
CUST00732,Occasional,3
CUST00733,High-Value,1
CUST00734,Occasional,3
CUST00735,Price-Sensitive,2
CUST00736,Loyal,0
CUST00737,Price-Sensitive,2
CUST00738,Occasional,3
CUST00739,Occasional,3
CUST00740,High-Value,1
CUST00741,High-Value,1
CUST00742,Occasional,3
CUST00743,Occasional,3
CUST00744,Price-Sensitive,4
CUST00745,Price-Sensitive,2
CUST00746,Loyal,0
CUST00747,Price-Sensitive,4
CUST00748,Loyal,0
CUST00749,Occasional,3
CUST00750,Price-Sensitive,4
CUST00751,Occasional,3
CUST00752,High-Value,1
CUST00753,Occasional,3
CUST00754,High-Value,1
CUST00755,Price-Sensitive,4
CUST00756,Loyal,0
CUST00757,High-Value,1
CUST00758,Price-Sensitive,4
CUST00759,Loyal,0
CUST00760,Occasional,3
CUST00761,High-Value,1
CUST00762,Price-Sensitive,2
CUST00763,Occasional,3
CUST00764,Occasional,3
CUST00765,High-Value,1
CUST00766,Price-Sensitive,2
CUST00767,Price-Sensitive,4
CUST00768,High-Value,1
CUST00769,High-Value,1
CUST00770,Price-Sensitive,4
CUST00771,Price-Sensitive,2
CUST00772,High-Value,1
CUST00773,Occasional,3
CUST00774,High-Value,1
CUST00775,Price-Sensitive,2
CUST00776,Occasional,3
CUST00777,Price-Sensitive,2
CUST00778,Price-Sensitive,4
CUST00779,Price-Sensitive,2
CUST00780,Price-Sensitive,4
CUST00781,Loyal,0
CUST00782,Occasional,3
CUST00783,Occasional,3
CUST00784,High-Value,1
CUST00785,Price-Sensitive,4
CUST00786,Loyal,0
CUST00787,Occasional,3
CUST00788,Price-Sensitive,2
CUST00789,Occasional,3
CUST00790,Loyal,0
CUST00791,Loyal,0
CUST00792,Loyal,0
CUST00793,Loyal,0
CUST00794,Price-Sensitive,4
CUST00795,High-Value,1
CUST00796,Loyal,0
CUST00797,High-Value,1
CUST00798,Loyal,0
CUST00799,Price-Sensitive,2
CUST00800,High-Value,1
CUST00801,Price-Sensitive,4
CUST00802,Occasional,3
CUST00803,Price-Sensitive,2
CUST00804,Occasional,3
CUST00805,Price-Sensitive,2
CUST00806,High-Value,1
CUST00807,Price-Sensitive,2
CUST00808,Occasional,3
CUST00809,Occasional,3
CUST00810,Price-Sensitive,4
CUST00811,Occasional,3
CUST00812,Price-Sensitive,2
CUST00813,Occasional,3
CUST00814,Price-Sensitive,2
CUST00815,High-Value,1
CUST00816,Loyal,0
CUST00817,Price-Sensitive,2
CUST00818,Occasional,3
CUST00819,Occasional,3
CUST00820,Occasional,3
CUST00821,High-Value,1
CUST00822,Price-Sensitive,4
CUST00823,Occasional,3
CUST00824,Loyal,0
CUST00825,Price-Sensitive,4
CUST00826,Occasional,3
CUST00827,Occasional,3
CUST00828,Occasional,3
CUST00829,Occasional,3
CUST00830,Price-Sensitive,2
CUST00831,Price-Sensitive,4
CUST00832,Occasional,3
CUST00833,Price-Sensitive,2
CUST00834,Price-Sensitive,4
CUST00835,Occasional,3
CUST00836,High-Value,1
CUST00837,Price-Sensitive,4
CUST00838,Price-Sensitive,2
CUST00839,Price-Sensitive,2
CUST00840,High-Value,1
CUST00841,Occasional,3
CUST00842,High-Value,1
CUST00843,Occasional,3
CUST00844,Price-Sensitive,4
CUST00845,Loyal,0
CUST00846,Loyal,0
CUST00847,Price-Sensitive,4
CUST00848,High-Value,1
CUST00849,Occasional,3
CUST00850,Occasional,3
CUST00851,Price-Sensitive,4
CUST00852,Price-Sensitive,4
CUST00853,Occasional,3
CUST00854,Price-Sensitive,4
CUST00855,Loyal,0
CUST00856,Price-Sensitive,4
CUST00857,Occasional,3
CUST00858,Occasional,3
CUST00859,High-Value,1
CUST00860,Occasional,3
CUST00861,Price-Sensitive,4
CUST00862,Price-Sensitive,4
CUST00863,Occasional,3
CUST00864,Occasional,3
CUST00865,Occasional,3
CUST00866,Occasional,3
CUST00867,Occasional,3
CUST00868,Occasional,3
CUST00869,Price-Sensitive,4
CUST00870,Price-Sensitive,2
CUST00871,Price-Sensitive,2
CUST00872,Loyal,0
CUST00873,High-Value,1
CUST00874,Occasional,3
CUST00875,High-Value,1
CUST00876,Occasional,3
CUST00877,Occasional,3
CUST00878,High-Value,1
CUST00879,Occasional,3
CUST00880,High-Value,1
CUST00881,Occasional,3
CUST00882,Loyal,0
CUST00883,High-Value,1
CUST00884,Loyal,0
CUST00885,Price-Sensitive,4
CUST00886,Price-Sensitive,2
CUST00887,Occasional,3
CUST00888,Occasional,3
CUST00889,Price-Sensitive,2
CUST00890,Occasional,3
CUST00891,Occasional,3
CUST00892,Occasional,3
CUST00893,Occasional,3
CUST00894,Occasional,3
CUST00895,Occasional,3
CUST00896,Price-Sensitive,2
CUST00897,Occasional,3
CUST00898,Price-Sensitive,4
CUST00899,Occasional,3
CUST00900,High-Value,1
CUST00901,Price-Sensitive,4
CUST00902,Price-Sensitive,2
CUST00903,Occasional,3
CUST00904,Loyal,0
CUST00905,Occasional,3
CUST00906,Price-Sensitive,4
CUST00907,Price-Sensitive,2
CUST00908,High-Value,1
CUST00909,High-Value,1
CUST00910,Price-Sensitive,4
CUST00911,Occasional,3
CUST00912,Occasional,3
CUST00913,High-Value,1
CUST00914,Occasional,3
CUST00915,High-Value,1
CUST00916,Price-Sensitive,4
CUST00917,High-Value,1
CUST00918,High-Value,1
CUST00919,Price-Sensitive,2
CUST00920,Price-Sensitive,2
CUST00921,Price-Sensitive,4
CUST00922,High-Value,1
CUST00923,High-Value,1
CUST00924,Occasional,3
CUST00925,Occasional,3
CUST00926,High-Value,1
CUST00927,Price-Sensitive,2
CUST00928,Occasional,3
CUST00929,High-Value,1
CUST00930,Loyal,0
CUST00931,Loyal,0
CUST00932,Price-Sensitive,2
CUST00933,Occasional,3
CUST00934,High-Value,1
CUST00935,High-Value,1
CUST00936,Price-Sensitive,4
CUST00937,High-Value,1
CUST00938,Price-Sensitive,2
CUST00939,High-Value,1
CUST00940,Occasional,3
CUST00941,Price-Sensitive,4
CUST00942,Loyal,0
CUST00943,Price-Sensitive,4
CUST00944,Loyal,0
CUST00945,Occasional,3
CUST00946,Occasional,3
CUST00947,High-Value,1
CUST00948,Occasional,3
CUST00949,High-Value,1
CUST00950,Price-Sensitive,4
CUST00951,High-Value,1
CUST00952,High-Value,1
CUST00953,Occasional,3
CUST00954,High-Value,1
CUST00955,Price-Sensitive,4
CUST00956,Occasional,3
CUST00957,Occasional,3
CUST00958,High-Value,1
CUST00959,Price-Sensitive,4
CUST00960,High-Value,1
CUST00961,Price-Sensitive,2
CUST00962,Loyal,0
CUST00963,Occasional,3
CUST00964,Occasional,3
CUST00965,High-Value,1
CUST00966,Price-Sensitive,2
CUST00967,Occasional,3
CUST00968,High-Value,1
CUST00969,Occasional,3
CUST00970,Price-Sensitive,4
CUST00971,Price-Sensitive,2
CUST00972,High-Value,1
CUST00973,High-Value,1
CUST00974,Occasional,3
CUST00975,Occasional,3
CUST00976,Occasional,3
CUST00977,Price-Sensitive,4
CUST00978,Occasional,3
CUST00979,Occasional,3
CUST00980,Occasional,3
CUST00981,Price-Sensitive,4
CUST00982,Occasional,3
CUST00983,Occasional,3
CUST00984,Occasional,3
CUST00985,Loyal,0
CUST00986,Occasional,3
CUST00987,Occasional,3
CUST00988,High-Value,1
CUST00989,High-Value,1
CUST00990,Occasional,3
CUST00991,Occasional,3
CUST00992,High-Value,1
CUST00993,High-Value,1
CUST00994,Occasional,3
CUST00995,Occasional,3
CUST00996,Occasional,3
CUST00997,High-Value,1
CUST00998,High-Value,1
CUST00999,Occasional,3
CUST01000,Occasional,3
CUST01001,Occasional,3
CUST01002,Price-Sensitive,4
CUST01003,High-Value,1
CUST01004,Loyal,0
CUST01005,Occasional,3
CUST01006,Occasional,3
CUST01007,Loyal,0
CUST01008,Occasional,3
CUST01009,Occasional,3
CUST01010,High-Value,1
CUST01011,Occasional,3
CUST01012,Occasional,3
CUST01013,Price-Sensitive,2
CUST01014,Price-Sensitive,4
CUST01015,Price-Sensitive,2
CUST01016,Occasional,3
CUST01017,Occasional,3
CUST01018,Price-Sensitive,4
CUST01019,Price-Sensitive,4
CUST01020,Loyal,0
CUST01021,Occasional,3
CUST01022,Occasional,3
CUST01023,Occasional,3
CUST01024,Price-Sensitive,2
CUST01025,Occasional,3
CUST01026,High-Value,1
CUST01027,High-Value,1
CUST01028,Price-Sensitive,4
CUST01029,Occasional,3
CUST01030,High-Value,1
CUST01031,Occasional,3
CUST01032,Occasional,3
CUST01033,Occasional,3
CUST01034,Occasional,3
CUST01035,Price-Sensitive,2
CUST01036,Price-Sensitive,4
CUST01037,Price-Sensitive,4
CUST01038,Occasional,3
CUST01039,Occasional,3
CUST01040,Price-Sensitive,4
CUST01041,Loyal,0
CUST01042,Occasional,3
CUST01043,Occasional,3
CUST01044,Occasional,3
CUST01045,Occasional,3
CUST01046,Price-Sensitive,2
CUST01047,Occasional,3
CUST01048,High-Value,1
CUST01049,Price-Sensitive,4
CUST01050,Price-Sensitive,2
CUST01051,Price-Sensitive,4
CUST01052,Occasional,3
CUST01053,Occasional,3
CUST01054,Price-Sensitive,2
CUST01055,Price-Sensitive,4
CUST01056,Occasional,3
CUST01057,Price-Sensitive,4
CUST01058,High-Value,1
CUST01059,Price-Sensitive,4
CUST01060,Occasional,3
CUST01061,Occasional,3
CUST01062,Occasional,3
CUST01063,Occasional,3
CUST01064,Occasional,3
CUST01065,Price-Sensitive,4
CUST01066,High-Value,1
CUST01067,Occasional,3
CUST01068,Price-Sensitive,4
CUST01069,High-Value,1
CUST01070,Price-Sensitive,4
CUST01071,Occasional,3
CUST01072,High-Value,1
CUST01073,Occasional,3
CUST01074,Occasional,3
CUST01075,Price-Sensitive,4
CUST01076,Occasional,3
CUST01077,Occasional,3
CUST01078,Occasional,3
CUST01079,Occasional,3
CUST01080,High-Value,1
CUST01081,Price-Sensitive,2
CUST01082,High-Value,1
CUST01083,Occasional,3
CUST01084,Occasional,3
CUST01085,Loyal,0
CUST01086,Price-Sensitive,4
CUST01087,Loyal,0
CUST01088,Occasional,3
CUST01089,Loyal,0
CUST01090,Occasional,3
CUST01091,Loyal,0
CUST01092,Occasional,3
CUST01093,Loyal,0
CUST01094,Occasional,3
CUST01095,Occasional,3
CUST01096,Price-Sensitive,4
CUST01097,Occasional,3
CUST01098,High-Value,1
CUST01099,Occasional,3
CUST01100,Loyal,0
CUST01101,Occasional,3
CUST01102,Loyal,0
CUST01103,Loyal,0
CUST01104,Occasional,3
CUST01105,Occasional,3
CUST01106,Price-Sensitive,4
CUST01107,Occasional,3
CUST01108,Price-Sensitive,2
CUST01109,Price-Sensitive,4
CUST01110,Occasional,3
CUST01111,Price-Sensitive,4
CUST01112,High-Value,1
CUST01113,Occasional,3
CUST01114,Price-Sensitive,4
CUST01115,Occasional,3
CUST01116,High-Value,1
CUST01117,High-Value,1
CUST01118,Price-Sensitive,2
CUST01119,Price-Sensitive,2
CUST01120,High-Value,1
CUST01121,Occasional,3
CUST01122,Occasional,3
CUST01123,Occasional,3
CUST01124,Loyal,0
CUST01125,Occasional,3
CUST01126,Price-Sensitive,4
CUST01127,Occasional,3
CUST01128,Price-Sensitive,4
CUST01129,High-Value,1
CUST01130,Occasional,3
CUST01131,High-Value,1
CUST01132,Loyal,0
CUST01133,Loyal,0
CUST01134,Occasional,3
CUST01135,High-Value,1
CUST01136,High-Value,1
CUST01137,Occasional,3
CUST01138,Loyal,0
CUST01139,Occasional,3
CUST01140,Loyal,0
CUST01141,Occasional,3
CUST01142,Occasional,3
CUST01143,Price-Sensitive,2
CUST01144,High-Value,1
CUST01145,Occasional,3
CUST01146,Occasional,3
CUST01147,Price-Sensitive,4
CUST01148,Price-Sensitive,2
CUST01149,Price-Sensitive,2
CUST01150,Occasional,3
CUST01151,Occasional,3
CUST01152,Occasional,3
CUST01153,Price-Sensitive,4
CUST01154,Occasional,3
CUST01155,Occasional,3
CUST01156,High-Value,1
CUST01157,Loyal,0
CUST01158,Occasional,3
CUST01159,Occasional,3
CUST01160,Price-Sensitive,4
CUST01161,Loyal,0
CUST01162,Price-Sensitive,2
CUST01163,Occasional,3
CUST01164,Price-Sensitive,2
CUST01165,Price-Sensitive,2
CUST01166,Occasional,3
CUST01167,Occasional,3
CUST01168,Loyal,0
CUST01169,Loyal,0
CUST01170,Loyal,0
CUST01171,Price-Sensitive,2
CUST01172,High-Value,1
CUST01173,Price-Sensitive,2
CUST01174,Price-Sensitive,2
CUST01175,Price-Sensitive,2
CUST01176,High-Value,1
CUST01177,Loyal,0
CUST01178,Occasional,3
CUST01179,Price-Sensitive,4
CUST01180,High-Value,1
CUST01181,Price-Sensitive,4
CUST01182,Loyal,0
CUST01183,High-Value,1
CUST01184,High-Value,1
CUST01185,Price-Sensitive,4
CUST01186,Occasional,3
CUST01187,Occasional,3
CUST01188,Price-Sensitive,2
CUST01189,Occasional,3
CUST01190,Price-Sensitive,4
CUST01191,Price-Sensitive,2
CUST01192,Occasional,3
CUST01193,High-Value,1
CUST01194,Price-Sensitive,4
CUST01195,Occasional,3
CUST01196,Occasional,3
CUST01197,Loyal,0
CUST01198,High-Value,1
CUST01199,High-Value,1
CUST01200,High-Value,1
CUST01201,Price-Sensitive,4
CUST01202,Occasional,3
CUST01203,Loyal,0
CUST01204,Loyal,0
CUST01205,Occasional,3
CUST01206,Occasional,3
CUST01207,High-Value,1
CUST01208,Occasional,3
CUST01209,High-Value,1
CUST01210,High-Value,1
CUST01211,Occasional,3
CUST01212,High-Value,1
CUST01213,Price-Sensitive,4
CUST01214,Occasional,3
CUST01215,High-Value,1
CUST01216,Occasional,3
CUST01217,High-Value,1
CUST01218,Loyal,0
CUST01219,High-Value,1
CUST01220,Price-Sensitive,2
CUST01221,Occasional,3
CUST01222,Price-Sensitive,4
CUST01223,Price-Sensitive,2
CUST01224,High-Value,1
CUST01225,Occasional,3
CUST01226,Price-Sensitive,4
CUST01227,Price-Sensitive,2
CUST01228,Occasional,3
CUST01229,Occasional,3
CUST01230,High-Value,1
CUST01231,High-Value,1
CUST01232,Occasional,3
CUST01233,Occasional,3
CUST01234,Occasional,3
CUST01235,High-Value,1
CUST01236,Occasional,3
CUST01237,High-Value,1
CUST01238,Occasional,3
CUST01239,Loyal,0
CUST01240,Occasional,3
CUST01241,High-Value,1
CUST01242,Occasional,3
CUST01243,Price-Sensitive,2
CUST01244,Price-Sensitive,2
CUST01245,Occasional,3
CUST01246,Occasional,3
CUST01247,High-Value,1
CUST01248,High-Value,1
CUST01249,Occasional,3
CUST01250,Price-Sensitive,4
CUST01251,Occasional,3
CUST01252,High-Value,1
CUST01253,Price-Sensitive,2
CUST01254,Occasional,3
CUST01255,Occasional,3
CUST01256,Occasional,3
CUST01257,Occasional,3
CUST01258,Price-Sensitive,2
CUST01259,Loyal,0
CUST01260,High-Value,1
CUST01261,High-Value,1
CUST01262,Occasional,3
CUST01263,High-Value,1
CUST01264,High-Value,1
CUST01265,Occasional,3
CUST01266,Price-Sensitive,4
CUST01267,High-Value,1
CUST01268,Price-Sensitive,2
CUST01269,Occasional,3
CUST01270,High-Value,1
CUST01271,High-Value,1
CUST01272,High-Value,1
CUST01273,Loyal,0
CUST01274,High-Value,1
CUST01275,Occasional,3
CUST01276,Price-Sensitive,2
CUST01277,Loyal,0
CUST01278,Occasional,3
CUST01279,Price-Sensitive,2
CUST01280,Occasional,3
CUST01281,Price-Sensitive,2
CUST01282,Price-Sensitive,4
CUST01283,Occasional,3
CUST01284,Price-Sensitive,2
CUST01285,Loyal,0
CUST01286,Occasional,3
CUST01287,Occasional,3
CUST01288,Loyal,0
CUST01289,High-Value,1
CUST01290,Price-Sensitive,4
CUST01291,Occasional,3
CUST01292,Occasional,3
CUST01293,High-Value,1
CUST01294,High-Value,1
CUST01295,Loyal,0
CUST01296,Price-Sensitive,4
CUST01297,Price-Sensitive,4
CUST01298,Loyal,0
CUST01299,Occasional,3
CUST01300,Price-Sensitive,4
CUST01301,Price-Sensitive,4
CUST01302,Price-Sensitive,2
CUST01303,High-Value,1
CUST01304,High-Value,1
CUST01305,Occasional,3
CUST01306,Occasional,3
CUST01307,Occasional,3
CUST01308,Loyal,0
CUST01309,Occasional,3
CUST01310,High-Value,1
CUST01311,Price-Sensitive,4
CUST01312,Occasional,3
CUST01313,Price-Sensitive,4
CUST01314,High-Value,1
CUST01315,Occasional,3
CUST01316,Price-Sensitive,2
CUST01317,Occasional,3
CUST01318,Occasional,3
CUST01319,Occasional,3
CUST01320,Price-Sensitive,4
CUST01321,Occasional,3
CUST01322,Occasional,3
CUST01323,Occasional,3
CUST01324,Occasional,3
CUST01325,Price-Sensitive,4
CUST01326,Price-Sensitive,4
CUST01327,Loyal,0
CUST01328,Occasional,3
CUST01329,Occasional,3
CUST01330,Occasional,3
CUST01331,High-Value,1
CUST01332,High-Value,1
CUST01333,High-Value,1
CUST01334,Occasional,3
CUST01335,Occasional,3
CUST01336,Price-Sensitive,2
CUST01337,Price-Sensitive,2
CUST01338,Occasional,3
CUST01339,Loyal,0
CUST01340,Occasional,3
CUST01341,Occasional,3
CUST01342,Occasional,3
CUST01343,Occasional,3
CUST01344,Occasional,3
CUST01345,High-Value,1
CUST01346,High-Value,1
CUST01347,High-Value,1
CUST01348,Occasional,3
CUST01349,Occasional,3
CUST01350,Price-Sensitive,2
CUST01351,Occasional,3
CUST01352,High-Value,1
CUST01353,Loyal,0
CUST01354,Price-Sensitive,2
CUST01355,Occasional,3
CUST01356,High-Value,1
CUST01357,Price-Sensitive,2
CUST01358,High-Value,1
CUST01359,Price-Sensitive,4
CUST01360,Price-Sensitive,4
CUST01361,Occasional,3
CUST01362,Price-Sensitive,4
CUST01363,Price-Sensitive,2
CUST01364,Price-Sensitive,2
CUST01365,High-Value,1
CUST01366,Price-Sensitive,2
CUST01367,Price-Sensitive,2
CUST01368,Occasional,3
CUST01369,Price-Sensitive,2
CUST01370,Price-Sensitive,2
CUST01371,Occasional,3
CUST01372,High-Value,1
CUST01373,Occasional,3
CUST01374,Price-Sensitive,4
CUST01375,Occasional,3
CUST01376,Loyal,0
CUST01377,Occasional,3
CUST01378,Price-Sensitive,4
CUST01379,Occasional,3
CUST01380,Occasional,3
CUST01381,Loyal,0
CUST01382,Loyal,0
CUST01383,Occasional,3
CUST01384,Price-Sensitive,4
CUST01385,Occasional,3
CUST01386,High-Value,1
CUST01387,High-Value,1
CUST01388,High-Value,1
CUST01389,Occasional,3
CUST01390,High-Value,1
CUST01391,High-Value,1
CUST01392,Price-Sensitive,2
CUST01393,Occasional,3
CUST01394,Price-Sensitive,4
CUST01395,Price-Sensitive,4
CUST01396,Occasional,3
CUST01397,Occasional,3
CUST01398,High-Value,1
CUST01399,Loyal,0
CUST01400,Price-Sensitive,2
CUST01401,Occasional,3
CUST01402,High-Value,1
CUST01403,Price-Sensitive,4
CUST01404,Loyal,0
CUST01405,Loyal,0
CUST01406,Occasional,3
CUST01407,Price-Sensitive,4
CUST01408,Occasional,3
CUST01409,Price-Sensitive,2
CUST01410,Price-Sensitive,4
CUST01411,Occasional,3
CUST01412,High-Value,1
CUST01413,Occasional,3
CUST01414,Occasional,3
CUST01415,Price-Sensitive,4
CUST01416,High-Value,1
CUST01417,High-Value,1
CUST01418,Loyal,0
CUST01419,High-Value,1
CUST01420,Price-Sensitive,2
CUST01421,Occasional,3
CUST01422,High-Value,1
CUST01423,Price-Sensitive,4
CUST01424,Occasional,3
CUST01425,Occasional,3
CUST01426,High-Value,1
CUST01427,Occasional,3
CUST01428,Occasional,3
CUST01429,Occasional,3
CUST01430,Price-Sensitive,4
CUST01431,High-Value,1
CUST01432,Price-Sensitive,2
CUST01433,Loyal,0
CUST01434,Occasional,3
CUST01435,Occasional,3
CUST01436,Occasional,3
CUST01437,Price-Sensitive,2
CUST01438,Loyal,0
CUST01439,Occasional,3
CUST01440,Loyal,0
CUST01441,Occasional,3
CUST01442,High-Value,1
CUST01443,Price-Sensitive,2
CUST01444,Price-Sensitive,2
CUST01445,Occasional,3
CUST01446,Occasional,3
CUST01447,Price-Sensitive,2
CUST01448,Occasional,3
CUST01449,Loyal,0
CUST01450,Occasional,3
CUST01451,High-Value,1
CUST01452,Price-Sensitive,2
CUST01453,Occasional,3
CUST01454,Price-Sensitive,2
CUST01455,Occasional,3
CUST01456,High-Value,1
CUST01457,Occasional,3
CUST01458,High-Value,1
CUST01459,High-Value,1
CUST01460,High-Value,1
CUST01461,Price-Sensitive,2
CUST01462,Loyal,0
CUST01463,Occasional,3
CUST01464,High-Value,1
CUST01465,Loyal,0
CUST01466,Loyal,0
CUST01467,Loyal,0
CUST01468,Occasional,3
CUST01469,Price-Sensitive,2
CUST01470,Occasional,3
CUST01471,Occasional,3
CUST01472,Occasional,3
CUST01473,Occasional,3
CUST01474,Price-Sensitive,2
CUST01475,Price-Sensitive,2
CUST01476,Occasional,3
CUST01477,Occasional,3
CUST01478,Occasional,3
CUST01479,Occasional,3
CUST01480,Loyal,0
CUST01481,High-Value,1
CUST01482,Occasional,3
CUST01483,Occasional,3
CUST01484,High-Value,1
CUST01485,Price-Sensitive,4
CUST01486,Price-Sensitive,4
CUST01487,High-Value,1
CUST01488,Occasional,3
CUST01489,Price-Sensitive,2
CUST01490,Price-Sensitive,4
CUST01491,Price-Sensitive,2
CUST01492,Occasional,3
CUST01493,High-Value,1
CUST01494,Occasional,3
CUST01495,Price-Sensitive,2
CUST01496,Occasional,3
CUST01497,Price-Sensitive,2
CUST01498,High-Value,1
CUST01499,High-Value,1
CUST01500,Price-Sensitive,2
CUST01501,Occasional,3
CUST01502,Occasional,3
CUST01503,Occasional,3
CUST01504,Price-Sensitive,4
CUST01505,High-Value,1
CUST01506,Occasional,3
CUST01507,Price-Sensitive,4
CUST01508,Occasional,3
CUST01509,Price-Sensitive,2
CUST01510,Occasional,3
CUST01511,Occasional,3
CUST01512,Loyal,0
CUST01513,High-Value,1
CUST01514,Price-Sensitive,2
CUST01515,Occasional,3
CUST01516,Price-Sensitive,2
CUST01517,Occasional,3
CUST01518,Occasional,3
CUST01519,High-Value,1
CUST01520,High-Value,1
CUST01521,Occasional,3
CUST01522,Occasional,3
CUST01523,Occasional,3
CUST01524,Occasional,3
CUST01525,Occasional,3
CUST01526,Price-Sensitive,4
CUST01527,Loyal,0
CUST01528,Occasional,3
CUST01529,Price-Sensitive,4
CUST01530,Price-Sensitive,2
CUST01531,Occasional,3
CUST01532,High-Value,1
CUST01533,High-Value,1
CUST01534,High-Value,1
CUST01535,Price-Sensitive,4
CUST01536,Occasional,3
CUST01537,Occasional,3
CUST01538,Price-Sensitive,4
CUST01539,High-Value,1
CUST01540,Occasional,3
CUST01541,Occasional,3
CUST01542,Occasional,3
CUST01543,Loyal,0
CUST01544,Occasional,3
CUST01545,Occasional,3
CUST01546,Occasional,3
CUST01547,Occasional,3
CUST01548,High-Value,1
CUST01549,Occasional,3
CUST01550,High-Value,1
CUST01551,High-Value,1
CUST01552,Price-Sensitive,2
CUST01553,Price-Sensitive,2
CUST01554,High-Value,1
CUST01555,High-Value,1
CUST01556,High-Value,1
CUST01557,High-Value,1
CUST01558,High-Value,1
CUST01559,Occasional,3
CUST01560,Loyal,0
CUST01561,Price-Sensitive,2
CUST01562,Price-Sensitive,2
CUST01563,Occasional,3
CUST01564,Loyal,0
CUST01565,Price-Sensitive,4
CUST01566,High-Value,1
CUST01567,Occasional,3
CUST01568,Occasional,3
CUST01569,Occasional,3
CUST01570,Price-Sensitive,4
CUST01571,Price-Sensitive,4
CUST01572,Occasional,3
CUST01573,High-Value,1
CUST01574,Occasional,3
CUST01575,Price-Sensitive,4
CUST01576,High-Value,1
CUST01577,High-Value,1
CUST01578,Price-Sensitive,2
CUST01579,Occasional,3
CUST01580,Loyal,0
CUST01581,High-Value,1
CUST01582,Loyal,0
CUST01583,Occasional,3
CUST01584,High-Value,1
CUST01585,Price-Sensitive,4
CUST01586,Loyal,0
CUST01587,Occasional,3
CUST01588,Occasional,3
CUST01589,High-Value,1
CUST01590,Loyal,0
CUST01591,Occasional,3
CUST01592,Occasional,3
CUST01593,High-Value,1
CUST01594,High-Value,1
CUST01595,Price-Sensitive,2
CUST01596,Loyal,0
CUST01597,High-Value,1
CUST01598,Price-Sensitive,2
CUST01599,Occasional,3
CUST01600,High-Value,1
CUST01601,Loyal,0
CUST01602,Occasional,3
CUST01603,Occasional,3
CUST01604,Price-Sensitive,2
CUST01605,Price-Sensitive,4
CUST01606,High-Value,1
CUST01607,Occasional,3
CUST01608,Occasional,3
CUST01609,Occasional,3
CUST01610,Occasional,3
CUST01611,High-Value,1
CUST01612,High-Value,1
CUST01613,Occasional,3
CUST01614,Occasional,3
CUST01615,Occasional,3
CUST01616,Occasional,3
CUST01617,Occasional,3
CUST01618,Loyal,0
CUST01619,Loyal,0
CUST01620,Occasional,3
CUST01621,Price-Sensitive,2
CUST01622,Occasional,3
CUST01623,High-Value,1
CUST01624,High-Value,1
CUST01625,Occasional,3
CUST01626,Occasional,3
CUST01627,Price-Sensitive,4
CUST01628,Price-Sensitive,4
CUST01629,Occasional,3
CUST01630,High-Value,1
CUST01631,Occasional,3
CUST01632,Loyal,0
CUST01633,High-Value,1
CUST01634,Price-Sensitive,2
CUST01635,Price-Sensitive,4
CUST01636,Occasional,3
CUST01637,High-Value,1
CUST01638,High-Value,1
CUST01639,Price-Sensitive,2
CUST01640,Occasional,3
CUST01641,Price-Sensitive,4
CUST01642,Price-Sensitive,2
CUST01643,Occasional,3
CUST01644,High-Value,1
CUST01645,Price-Sensitive,2
CUST01646,Price-Sensitive,2
CUST01647,High-Value,1
CUST01648,Price-Sensitive,2
CUST01649,Loyal,0
CUST01650,Price-Sensitive,4
CUST01651,Occasional,3
CUST01652,High-Value,1
CUST01653,Occasional,3
CUST01654,Price-Sensitive,2
CUST01655,Loyal,0
CUST01656,Occasional,3
CUST01657,Occasional,3
CUST01658,High-Value,1
CUST01659,Occasional,3
CUST01660,Price-Sensitive,2
CUST01661,High-Value,1
CUST01662,High-Value,1
CUST01663,High-Value,1
CUST01664,Loyal,0
CUST01665,Occasional,3
CUST01666,Occasional,3
CUST01667,Price-Sensitive,4
CUST01668,Occasional,3
CUST01669,Loyal,0
CUST01670,Occasional,3
CUST01671,High-Value,1
CUST01672,Price-Sensitive,2
CUST01673,Occasional,3
CUST01674,Occasional,3
CUST01675,Loyal,0
CUST01676,Price-Sensitive,4
CUST01677,Occasional,3
CUST01678,High-Value,1
CUST01679,Occasional,3
CUST01680,Occasional,3
CUST01681,Price-Sensitive,2
CUST01682,Occasional,3
CUST01683,High-Value,1
CUST01684,Price-Sensitive,2
CUST01685,Occasional,3
CUST01686,Loyal,0
CUST01687,Occasional,3
CUST01688,Occasional,3
CUST01689,Loyal,0
CUST01690,Occasional,3
CUST01691,Occasional,3
CUST01692,Occasional,3
CUST01693,Loyal,0
CUST01694,High-Value,1
CUST01695,High-Value,1
CUST01696,Occasional,3
CUST01697,Price-Sensitive,2
CUST01698,Occasional,3
CUST01699,Occasional,3
CUST01700,Price-Sensitive,2
CUST01701,Occasional,3
CUST01702,Price-Sensitive,4
CUST01703,Loyal,0
CUST01704,Price-Sensitive,4
CUST01705,Occasional,3
CUST01706,Loyal,0
CUST01707,Occasional,3
CUST01708,High-Value,1
CUST01709,Occasional,3
CUST01710,Occasional,3
CUST01711,High-Value,1
CUST01712,Occasional,3
CUST01713,Price-Sensitive,2
CUST01714,High-Value,1
CUST01715,Price-Sensitive,2
CUST01716,Loyal,0
CUST01717,High-Value,1
CUST01718,High-Value,1
CUST01719,High-Value,1
CUST01720,Price-Sensitive,4
CUST01721,Price-Sensitive,2
CUST01722,Occasional,3
CUST01723,High-Value,1
CUST01724,Occasional,3
CUST01725,Occasional,3
CUST01726,Occasional,3
CUST01727,Price-Sensitive,2
CUST01728,Price-Sensitive,4
CUST01729,Occasional,3
CUST01730,Price-Sensitive,4
CUST01731,Price-Sensitive,2
CUST01732,Occasional,3
CUST01733,Price-Sensitive,4
CUST01734,High-Value,1
CUST01735,Price-Sensitive,2
CUST01736,Occasional,3
CUST01737,Price-Sensitive,2
CUST01738,Occasional,3
CUST01739,High-Value,1
CUST01740,Occasional,3
CUST01741,Occasional,3
CUST01742,Price-Sensitive,2
CUST01743,Occasional,3
CUST01744,High-Value,1
CUST01745,High-Value,1
CUST01746,High-Value,1
CUST01747,High-Value,1
CUST01748,Price-Sensitive,4
CUST01749,Price-Sensitive,2
CUST01750,Occasional,3
CUST01751,Occasional,3
CUST01752,High-Value,1
CUST01753,High-Value,1
CUST01754,Price-Sensitive,2
CUST01755,Occasional,3
CUST01756,High-Value,1
CUST01757,Loyal,0
CUST01758,High-Value,1
CUST01759,Occasional,3
CUST01760,High-Value,1
CUST01761,Occasional,3
CUST01762,Occasional,3
CUST01763,High-Value,1
CUST01764,Occasional,3
CUST01765,Occasional,3
CUST01766,Price-Sensitive,4
CUST01767,Occasional,3
CUST01768,Price-Sensitive,2
CUST01769,Price-Sensitive,2
CUST01770,Occasional,3
CUST01771,Loyal,0
CUST01772,Occasional,3
CUST01773,Occasional,3
CUST01774,Occasional,3
CUST01775,Occasional,3
CUST01776,Price-Sensitive,4
CUST01777,High-Value,1
CUST01778,Occasional,3
CUST01779,Occasional,3
CUST01780,Price-Sensitive,2
CUST01781,High-Value,1
CUST01782,Occasional,3
CUST01783,Occasional,3
CUST01784,Occasional,3
CUST01785,Loyal,0
CUST01786,Price-Sensitive,4
CUST01787,Occasional,3
CUST01788,Occasional,3
CUST01789,Price-Sensitive,2
CUST01790,Occasional,3
CUST01791,High-Value,1
CUST01792,Occasional,3
CUST01793,Price-Sensitive,4
CUST01794,High-Value,1
CUST01795,High-Value,1
CUST01796,Occasional,3
CUST01797,Occasional,3
CUST01798,Occasional,3
CUST01799,Occasional,3
CUST01800,Occasional,3
CUST01801,High-Value,1
CUST01802,Occasional,3
CUST01803,High-Value,1
CUST01804,Price-Sensitive,2
CUST01805,Occasional,3
CUST01806,Price-Sensitive,2
CUST01807,Loyal,0
CUST01808,Occasional,3
CUST01809,Occasional,3
CUST01810,Occasional,3
CUST01811,Occasional,3
CUST01812,Price-Sensitive,2
CUST01813,Occasional,3
CUST01814,Occasional,3
CUST01815,Loyal,0
CUST01816,Loyal,0
CUST01817,Occasional,3
CUST01818,Price-Sensitive,2
CUST01819,Price-Sensitive,2
CUST01820,Occasional,3
CUST01821,Loyal,0
CUST01822,Loyal,0
CUST01823,Occasional,3
CUST01824,High-Value,1
CUST01825,Price-Sensitive,4
CUST01826,Price-Sensitive,4
CUST01827,Occasional,3
CUST01828,Occasional,3
CUST01829,High-Value,1
CUST01830,Occasional,3
CUST01831,High-Value,1
CUST01832,Price-Sensitive,2
CUST01833,High-Value,1
CUST01834,Occasional,3
CUST01835,Occasional,3
CUST01836,Occasional,3
CUST01837,Occasional,3
CUST01838,Occasional,3
CUST01839,Price-Sensitive,2
CUST01840,Price-Sensitive,4
CUST01841,Price-Sensitive,4
CUST01842,High-Value,1
CUST01843,Occasional,3
CUST01844,Price-Sensitive,4
CUST01845,Loyal,0
CUST01846,High-Value,1
CUST01847,Occasional,3
CUST01848,Occasional,3
CUST01849,Occasional,3
CUST01850,High-Value,1
CUST01851,Price-Sensitive,4
CUST01852,Occasional,3
CUST01853,Price-Sensitive,4
CUST01854,Occasional,3
CUST01855,High-Value,1
CUST01856,High-Value,1
CUST01857,Occasional,3
CUST01858,Occasional,3
CUST01859,Occasional,3
CUST01860,Occasional,3
CUST01861,Price-Sensitive,2
CUST01862,Occasional,3
CUST01863,Price-Sensitive,2
CUST01864,Price-Sensitive,2
CUST01865,High-Value,1
CUST01866,Loyal,0
CUST01867,Occasional,3
CUST01868,Occasional,3
CUST01869,Price-Sensitive,4
CUST01870,High-Value,1
CUST01871,High-Value,1
CUST01872,Price-Sensitive,4
CUST01873,Price-Sensitive,4
CUST01874,Occasional,3
CUST01875,Occasional,3
CUST01876,Price-Sensitive,4
CUST01877,Occasional,3
CUST01878,High-Value,1
CUST01879,Price-Sensitive,2
CUST01880,Price-Sensitive,2
CUST01881,Occasional,3
CUST01882,Price-Sensitive,4
CUST01883,Price-Sensitive,4
CUST01884,Occasional,3
CUST01885,High-Value,1
CUST01886,High-Value,1
CUST01887,Occasional,3
CUST01888,Occasional,3
CUST01889,Loyal,0
CUST01890,Occasional,3
CUST01891,Occasional,3
CUST01892,Occasional,3
CUST01893,Occasional,3
CUST01894,Occasional,3
CUST01895,High-Value,1
CUST01896,High-Value,1
CUST01897,Price-Sensitive,4
CUST01898,Occasional,3
CUST01899,Occasional,3
CUST01900,Occasional,3
CUST01901,High-Value,1
CUST01902,Price-Sensitive,2
CUST01903,Occasional,3
CUST01904,High-Value,1
CUST01905,High-Value,1
CUST01906,Loyal,0
CUST01907,Price-Sensitive,4
CUST01908,Occasional,3
CUST01909,Occasional,3
CUST01910,Price-Sensitive,4
CUST01911,Occasional,3
CUST01912,Occasional,3
CUST01913,Price-Sensitive,4
CUST01914,Occasional,3
CUST01915,Loyal,0
CUST01916,Occasional,3
CUST01917,Occasional,3
CUST01918,Occasional,3
CUST01919,Occasional,3
CUST01920,Loyal,0
CUST01921,Loyal,0
CUST01922,Loyal,0
CUST01923,Price-Sensitive,2
CUST01924,Price-Sensitive,4
CUST01925,High-Value,1
CUST01926,Price-Sensitive,2
CUST01927,Price-Sensitive,4
CUST01928,Loyal,0
CUST01929,High-Value,1
CUST01930,Loyal,0
CUST01931,Loyal,0
CUST01932,Occasional,3
CUST01933,High-Value,1
CUST01934,Occasional,3
CUST01935,Loyal,0
CUST01936,Price-Sensitive,2
CUST01937,High-Value,1
CUST01938,High-Value,1
CUST01939,Price-Sensitive,4
CUST01940,Price-Sensitive,2
CUST01941,Loyal,0
CUST01942,Occasional,3
CUST01943,Occasional,3
CUST01944,Price-Sensitive,4
CUST01945,Occasional,3
CUST01946,High-Value,1
CUST01947,Occasional,3
CUST01948,Price-Sensitive,4
CUST01949,Price-Sensitive,2
CUST01950,High-Value,1
CUST01951,Occasional,3
CUST01952,High-Value,1
CUST01953,Price-Sensitive,2
CUST01954,Occasional,3
CUST01955,Price-Sensitive,4
CUST01956,Occasional,3
CUST01957,Occasional,3
CUST01958,High-Value,1
CUST01959,Occasional,3
CUST01960,Occasional,3
CUST01961,Occasional,3
CUST01962,Occasional,3
CUST01963,Occasional,3
CUST01964,Occasional,3
CUST01965,Price-Sensitive,4
CUST01966,Occasional,3
CUST01967,Price-Sensitive,4
CUST01968,High-Value,1
CUST01969,Price-Sensitive,2
CUST01970,Occasional,3
CUST01971,High-Value,1
CUST01972,Occasional,3
CUST01973,Occasional,3
CUST01974,Loyal,0
CUST01975,Occasional,3
CUST01976,Price-Sensitive,4
CUST01977,Occasional,3
CUST01978,Occasional,3
CUST01979,Loyal,0
CUST01980,Loyal,0
CUST01981,Price-Sensitive,4
CUST01982,Occasional,3
CUST01983,Price-Sensitive,2
CUST01984,Occasional,3
CUST01985,Occasional,3
CUST01986,Loyal,0
CUST01987,Loyal,0
CUST01988,Occasional,3
CUST01989,Price-Sensitive,4
CUST01990,Occasional,3
CUST01991,High-Value,1
CUST01992,Price-Sensitive,2
CUST01993,Price-Sensitive,4
CUST01994,Price-Sensitive,2
CUST01995,Occasional,3
CUST01996,Price-Sensitive,4
CUST01997,Occasional,3
CUST01998,Occasional,3
CUST01999,Occasional,3
CUST02000,Loyal,0
CUST02001,Occasional,3
CUST02002,Occasional,3
CUST02003,Occasional,3
CUST02004,Price-Sensitive,4
CUST02005,Occasional,3
CUST02006,Occasional,3
CUST02007,Price-Sensitive,4
CUST02008,Price-Sensitive,4
CUST02009,Occasional,3
CUST02010,High-Value,1
CUST02011,Occasional,3
CUST02012,Price-Sensitive,4
CUST02013,Occasional,3
CUST02014,Occasional,3
CUST02015,High-Value,1
CUST02016,Price-Sensitive,2
CUST02017,Occasional,3
CUST02018,Price-Sensitive,4
CUST02019,High-Value,1
CUST02020,Price-Sensitive,2
CUST02021,Loyal,0
CUST02022,Price-Sensitive,4
CUST02023,Occasional,3
CUST02024,High-Value,1
CUST02025,Price-Sensitive,2
CUST02026,Price-Sensitive,2
CUST02027,Occasional,3
CUST02028,High-Value,1
CUST02029,High-Value,1
CUST02030,Price-Sensitive,4
CUST02031,High-Value,1
CUST02032,Price-Sensitive,2
CUST02033,Price-Sensitive,4
CUST02034,Occasional,3
CUST02035,High-Value,1
CUST02036,Loyal,0
CUST02037,High-Value,1
CUST02038,Occasional,3
CUST02039,Price-Sensitive,4
CUST02040,Occasional,3
CUST02041,Price-Sensitive,2
CUST02042,Occasional,3
CUST02043,Price-Sensitive,4
CUST02044,Price-Sensitive,4
CUST02045,Occasional,3
CUST02046,Price-Sensitive,2
CUST02047,Occasional,3
CUST02048,Occasional,3
CUST02049,Occasional,3
CUST02050,Price-Sensitive,2
CUST02051,Occasional,3
CUST02052,Occasional,3
CUST02053,High-Value,1
CUST02054,Price-Sensitive,4
CUST02055,High-Value,1
CUST02056,Occasional,3
CUST02057,Occasional,3
CUST02058,Price-Sensitive,4
CUST02059,Loyal,0
CUST02060,Occasional,3
CUST02061,Occasional,3
CUST02062,Occasional,3
CUST02063,Price-Sensitive,2
CUST02064,Occasional,3
CUST02065,High-Value,1
CUST02066,High-Value,1
CUST02067,Loyal,0
CUST02068,Price-Sensitive,2
CUST02069,Price-Sensitive,2
CUST02070,Occasional,3
CUST02071,Price-Sensitive,4
CUST02072,Occasional,3
CUST02073,Occasional,3
CUST02074,High-Value,1
CUST02075,Price-Sensitive,4
CUST02076,Loyal,0
CUST02077,Price-Sensitive,2
CUST02078,High-Value,1
CUST02079,Occasional,3
CUST02080,Loyal,0
CUST02081,Occasional,3
CUST02082,Occasional,3
CUST02083,Price-Sensitive,2
CUST02084,Price-Sensitive,4
CUST02085,Price-Sensitive,2
CUST02086,Loyal,0
CUST02087,Loyal,0
CUST02088,Occasional,3
CUST02089,Price-Sensitive,4
CUST02090,Occasional,3
CUST02091,Loyal,0
CUST02092,Occasional,3
CUST02093,High-Value,1
CUST02094,Occasional,3
CUST02095,Occasional,3
CUST02096,Occasional,3
CUST02097,Occasional,3
CUST02098,Occasional,3
CUST02099,High-Value,1
CUST02100,Loyal,0
CUST02101,Occasional,3
CUST02102,Occasional,3
CUST02103,Occasional,3
CUST02104,High-Value,1
CUST02105,Occasional,3
CUST02106,Occasional,3
CUST02107,Price-Sensitive,2
CUST02108,Price-Sensitive,4
CUST02109,Price-Sensitive,4
CUST02110,High-Value,1
CUST02111,Price-Sensitive,2
CUST02112,Occasional,3
CUST02113,Occasional,3
CUST02114,High-Value,1
CUST02115,High-Value,1
CUST02116,Occasional,3
CUST02117,High-Value,1
CUST02118,High-Value,1
CUST02119,Price-Sensitive,4
CUST02120,Occasional,3
CUST02121,Occasional,3
CUST02122,Occasional,3
CUST02123,Price-Sensitive,4
CUST02124,Loyal,0
CUST02125,Occasional,3
CUST02126,Occasional,3
CUST02127,Loyal,0
CUST02128,Occasional,3
CUST02129,Loyal,0
CUST02130,Occasional,3
CUST02131,High-Value,1
CUST02132,Occasional,3
CUST02133,High-Value,1
CUST02134,Occasional,3
CUST02135,High-Value,1
CUST02136,High-Value,1
CUST02137,Occasional,3
CUST02138,Price-Sensitive,4
CUST02139,Price-Sensitive,4
CUST02140,Price-Sensitive,2
CUST02141,Occasional,3
CUST02142,Price-Sensitive,4
CUST02143,Occasional,3
CUST02144,Price-Sensitive,2
CUST02145,Occasional,3
CUST02146,High-Value,1
CUST02147,Occasional,3
CUST02148,High-Value,1
CUST02149,Loyal,0
CUST02150,Price-Sensitive,4
CUST02151,Occasional,3
CUST02152,Price-Sensitive,4
CUST02153,Occasional,3
CUST02154,High-Value,1
CUST02155,Price-Sensitive,4
CUST02156,Price-Sensitive,4
CUST02157,Occasional,3
CUST02158,Occasional,3
CUST02159,Price-Sensitive,4
CUST02160,Occasional,3
CUST02161,Loyal,0
CUST02162,High-Value,1
CUST02163,Occasional,3
CUST02164,High-Value,1
CUST02165,Occasional,3
CUST02166,Price-Sensitive,4
CUST02167,Price-Sensitive,4
CUST02168,Occasional,3
CUST02169,Price-Sensitive,4
CUST02170,Price-Sensitive,4
CUST02171,High-Value,1
CUST02172,Price-Sensitive,4
CUST02173,High-Value,1
CUST02174,Price-Sensitive,4
CUST02175,High-Value,1
CUST02176,High-Value,1
CUST02177,Occasional,3
CUST02178,Price-Sensitive,2
CUST02179,Loyal,0
CUST02180,Occasional,3
CUST02181,Loyal,0
CUST02182,Price-Sensitive,2
CUST02183,Occasional,3
CUST02184,Occasional,3
CUST02185,Occasional,3
CUST02186,Price-Sensitive,2
CUST02187,Price-Sensitive,4
CUST02188,Occasional,3
CUST02189,High-Value,1
CUST02190,Price-Sensitive,2
CUST02191,Occasional,3
CUST02192,High-Value,1
CUST02193,Price-Sensitive,4
CUST02194,Occasional,3
CUST02195,High-Value,1
CUST02196,Occasional,3
CUST02197,High-Value,1
CUST02198,Occasional,3
CUST02199,Loyal,0
CUST02200,High-Value,1
CUST02201,Loyal,0
CUST02202,Occasional,3
CUST02203,Loyal,0
CUST02204,High-Value,1
CUST02205,Occasional,3
CUST02206,Occasional,3
CUST02207,Occasional,3
CUST02208,Occasional,3
CUST02209,Price-Sensitive,4
CUST02210,Price-Sensitive,4
CUST02211,Occasional,3
CUST02212,High-Value,1
CUST02213,Loyal,0
CUST02214,High-Value,1
CUST02215,Price-Sensitive,4
CUST02216,Price-Sensitive,2
CUST02217,Price-Sensitive,2
CUST02218,Occasional,3
CUST02219,Occasional,3
CUST02220,Occasional,3
CUST02221,Price-Sensitive,2
CUST02222,Price-Sensitive,2
CUST02223,Occasional,3
CUST02224,Occasional,3
CUST02225,Occasional,3
CUST02226,High-Value,1
CUST02227,Price-Sensitive,4
CUST02228,Occasional,3
CUST02229,Occasional,3
CUST02230,Price-Sensitive,2
CUST02231,High-Value,1
CUST02232,Loyal,0
CUST02233,Price-Sensitive,2
CUST02234,Occasional,3
CUST02235,High-Value,1
CUST02236,Occasional,3
CUST02237,High-Value,1
CUST02238,High-Value,1
CUST02239,High-Value,1
CUST02240,High-Value,1
CUST02241,Price-Sensitive,2
CUST02242,High-Value,1
CUST02243,Occasional,3
CUST02244,Loyal,0
CUST02245,Price-Sensitive,2
CUST02246,Price-Sensitive,2
CUST02247,Occasional,3
CUST02248,High-Value,1
CUST02249,Occasional,3
CUST02250,High-Value,1
CUST02251,Occasional,3
CUST02252,Loyal,0
CUST02253,High-Value,1
CUST02254,Occasional,3
CUST02255,High-Value,1
CUST02256,High-Value,1
CUST02257,Occasional,3
CUST02258,High-Value,1
CUST02259,High-Value,1
CUST02260,Occasional,3
CUST02261,Price-Sensitive,2
CUST02262,Price-Sensitive,4
CUST02263,Loyal,0
CUST02264,Occasional,3
CUST02265,Occasional,3
CUST02266,Occasional,3
CUST02267,Occasional,3
CUST02268,High-Value,1
CUST02269,Price-Sensitive,2
CUST02270,Loyal,0
CUST02271,Occasional,3
CUST02272,Price-Sensitive,4
CUST02273,Occasional,3
CUST02274,Loyal,0
CUST02275,Price-Sensitive,2
CUST02276,Occasional,3
CUST02277,Occasional,3
CUST02278,Occasional,3
CUST02279,Occasional,3
CUST02280,High-Value,1
CUST02281,Loyal,0
CUST02282,Loyal,0
CUST02283,Price-Sensitive,2
CUST02284,Price-Sensitive,4
CUST02285,Price-Sensitive,4
CUST02286,Price-Sensitive,2
CUST02287,Occasional,3
CUST02288,Occasional,3
CUST02289,Price-Sensitive,4
CUST02290,Occasional,3
CUST02291,Occasional,3
CUST02292,Price-Sensitive,4
CUST02293,Occasional,3
CUST02294,High-Value,1
CUST02295,Price-Sensitive,4
CUST02296,Occasional,3
CUST02297,Occasional,3
CUST02298,Loyal,0
CUST02299,High-Value,1
CUST02300,Price-Sensitive,4
CUST02301,Price-Sensitive,2
CUST02302,Occasional,3
CUST02303,Price-Sensitive,2
CUST02304,Occasional,3
CUST02305,Loyal,0
CUST02306,Occasional,3
CUST02307,Occasional,3
CUST02308,Price-Sensitive,4
CUST02309,Loyal,0
CUST02310,Price-Sensitive,2
CUST02311,High-Value,1
CUST02312,Price-Sensitive,4
CUST02313,Price-Sensitive,2
CUST02314,Price-Sensitive,4
CUST02315,Price-Sensitive,2
CUST02316,High-Value,1
CUST02317,Price-Sensitive,4
CUST02318,High-Value,1
CUST02319,Occasional,3
CUST02320,High-Value,1
CUST02321,Price-Sensitive,2
CUST02322,High-Value,1
CUST02323,Occasional,3
CUST02324,Occasional,3
CUST02325,High-Value,1
CUST02326,High-Value,1
CUST02327,Loyal,0
CUST02328,High-Value,1
CUST02329,High-Value,1
CUST02330,Occasional,3
CUST02331,High-Value,1
CUST02332,Occasional,3
CUST02333,Price-Sensitive,4
CUST02334,Occasional,3
CUST02335,High-Value,1
CUST02336,Occasional,3
CUST02337,High-Value,1
CUST02338,Occasional,3
CUST02339,Price-Sensitive,4
CUST02340,Price-Sensitive,4
CUST02341,Occasional,3
CUST02342,Occasional,3
CUST02343,Occasional,3
CUST02344,Price-Sensitive,2
CUST02345,Price-Sensitive,4
CUST02346,High-Value,1
CUST02347,Price-Sensitive,4
CUST02348,High-Value,1
CUST02349,Occasional,3
CUST02350,Loyal,0
CUST02351,Price-Sensitive,4
CUST02352,High-Value,1
CUST02353,Occasional,3
CUST02354,Occasional,3
CUST02355,Occasional,3
CUST02356,Price-Sensitive,2
CUST02357,Loyal,0
CUST02358,High-Value,1
CUST02359,Loyal,0
CUST02360,Occasional,3
CUST02361,Occasional,3
CUST02362,Loyal,0
CUST02363,Price-Sensitive,2
CUST02364,Loyal,0
CUST02365,High-Value,1
CUST02366,Price-Sensitive,2
CUST02367,High-Value,1
CUST02368,Price-Sensitive,4
CUST02369,High-Value,1
CUST02370,Price-Sensitive,2
CUST02371,Price-Sensitive,4
CUST02372,Occasional,3
CUST02373,High-Value,1
CUST02374,Occasional,3
CUST02375,High-Value,1
CUST02376,Loyal,0
CUST02377,Loyal,0
CUST02378,Price-Sensitive,2
CUST02379,Occasional,3
CUST02380,High-Value,1
CUST02381,Occasional,3
CUST02382,Price-Sensitive,4
CUST02383,Occasional,3
CUST02384,Loyal,0
CUST02385,High-Value,1
CUST02386,Price-Sensitive,4
CUST02387,High-Value,1
CUST02388,Occasional,3
CUST02389,Price-Sensitive,2
CUST02390,Occasional,3
CUST02391,Occasional,3
CUST02392,Price-Sensitive,4
CUST02393,Occasional,3
CUST02394,Occasional,3
CUST02395,Occasional,3
CUST02396,Price-Sensitive,4
CUST02397,High-Value,1
CUST02398,Price-Sensitive,4
CUST02399,Loyal,0
CUST02400,Occasional,3
CUST02401,High-Value,1
CUST02402,Loyal,0
CUST02403,Loyal,0
CUST02404,High-Value,1
CUST02405,Price-Sensitive,4
CUST02406,Occasional,3
CUST02407,Price-Sensitive,4
CUST02408,Occasional,3
CUST02409,Occasional,3
CUST02410,Occasional,3
CUST02411,Occasional,3
CUST02412,Occasional,3
CUST02413,Price-Sensitive,4
CUST02414,High-Value,1
CUST02415,Price-Sensitive,2
CUST02416,Occasional,3
CUST02417,High-Value,1
CUST02418,Loyal,0
CUST02419,Occasional,3
CUST02420,Occasional,3
CUST02421,Occasional,3
CUST02422,Occasional,3
CUST02423,Occasional,3
CUST02424,Price-Sensitive,2
CUST02425,Occasional,3
CUST02426,Occasional,3
CUST02427,Price-Sensitive,4
CUST02428,Occasional,3
CUST02429,High-Value,1
CUST02430,High-Value,1
CUST02431,Occasional,3
CUST02432,Occasional,3
CUST02433,Occasional,3
CUST02434,Occasional,3
CUST02435,Price-Sensitive,4
CUST02436,Occasional,3
CUST02437,Loyal,0
CUST02438,Occasional,3
CUST02439,Occasional,3
CUST02440,Occasional,3
CUST02441,Price-Sensitive,2
CUST02442,High-Value,1
CUST02443,High-Value,1
CUST02444,Loyal,0
CUST02445,Loyal,0
CUST02446,Price-Sensitive,2
CUST02447,High-Value,1
CUST02448,High-Value,1
CUST02449,High-Value,1
CUST02450,High-Value,1
CUST02451,Loyal,0
CUST02452,Occasional,3
CUST02453,Price-Sensitive,4
CUST02454,Price-Sensitive,4
CUST02455,Occasional,3
CUST02456,Price-Sensitive,4
CUST02457,Price-Sensitive,2
CUST02458,Price-Sensitive,2
CUST02459,Price-Sensitive,2
CUST02460,Occasional,3
CUST02461,Occasional,3
CUST02462,Price-Sensitive,4
CUST02463,Occasional,3
CUST02464,Loyal,0
CUST02465,High-Value,1
CUST02466,Price-Sensitive,4
CUST02467,Price-Sensitive,4
CUST02468,Price-Sensitive,4
CUST02469,Price-Sensitive,4
CUST02470,Occasional,3
CUST02471,High-Value,1
CUST02472,Occasional,3
CUST02473,Price-Sensitive,4
CUST02474,Price-Sensitive,4
CUST02475,Occasional,3
CUST02476,Occasional,3
CUST02477,Price-Sensitive,4
CUST02478,Loyal,0
CUST02479,High-Value,1
CUST02480,Price-Sensitive,4
CUST02481,Price-Sensitive,4
CUST02482,Occasional,3
CUST02483,Price-Sensitive,2
CUST02484,High-Value,1
CUST02485,Loyal,0
CUST02486,Occasional,3
CUST02487,Occasional,3
CUST02488,Price-Sensitive,2
CUST02489,High-Value,1
CUST02490,Price-Sensitive,2
CUST02491,Price-Sensitive,4
CUST02492,Occasional,3
CUST02493,Occasional,3
CUST02494,Price-Sensitive,2
CUST02495,Price-Sensitive,2
CUST02496,Loyal,0
CUST02497,High-Value,1
CUST02498,Price-Sensitive,2
CUST02499,Price-Sensitive,4
CUST02500,Price-Sensitive,2
CUST02501,High-Value,1
CUST02502,High-Value,1
CUST02503,Occasional,3
CUST02504,Occasional,3
CUST02505,High-Value,1
CUST02506,High-Value,1
CUST02507,High-Value,1
CUST02508,High-Value,1
CUST02509,Occasional,3
CUST02510,High-Value,1
CUST02511,Occasional,3
CUST02512,Price-Sensitive,4
CUST02513,Occasional,3
CUST02514,Occasional,3
CUST02515,Price-Sensitive,4
CUST02516,High-Value,1
CUST02517,Occasional,3
CUST02518,Occasional,3
CUST02519,Loyal,0
CUST02520,Loyal,0
CUST02521,High-Value,1
CUST02522,Occasional,3
CUST02523,Occasional,3
CUST02524,Occasional,3
CUST02525,Price-Sensitive,4
CUST02526,Loyal,0
CUST02527,High-Value,1
CUST02528,Occasional,3
CUST02529,High-Value,1
CUST02530,Price-Sensitive,2
CUST02531,Loyal,0
CUST02532,Price-Sensitive,4
CUST02533,Occasional,3
CUST02534,Loyal,0
CUST02535,Occasional,3
CUST02536,Occasional,3
CUST02537,Loyal,0
CUST02538,High-Value,1
CUST02539,Occasional,3
CUST02540,Occasional,3
CUST02541,Occasional,3
CUST02542,High-Value,1
CUST02543,Occasional,3
CUST02544,Price-Sensitive,4
CUST02545,Occasional,3
CUST02546,High-Value,1
CUST02547,Occasional,3
CUST02548,High-Value,1
CUST02549,Occasional,3
CUST02550,Price-Sensitive,4
CUST02551,High-Value,1
CUST02552,Price-Sensitive,4
CUST02553,Price-Sensitive,2
CUST02554,Occasional,3
CUST02555,Occasional,3
CUST02556,Price-Sensitive,4
CUST02557,Price-Sensitive,4
CUST02558,Occasional,3
CUST02559,High-Value,1
CUST02560,Price-Sensitive,2
CUST02561,Occasional,3
CUST02562,Occasional,3
CUST02563,Occasional,3
CUST02564,High-Value,1
CUST02565,Price-Sensitive,2
CUST02566,Occasional,3
CUST02567,High-Value,1
CUST02568,High-Value,1
CUST02569,Occasional,3
CUST02570,Occasional,3
CUST02571,Occasional,3
CUST02572,High-Value,1
CUST02573,High-Value,1
CUST02574,High-Value,1
CUST02575,Occasional,3
CUST02576,Occasional,3
CUST02577,Occasional,3
CUST02578,Price-Sensitive,4
CUST02579,Price-Sensitive,4
CUST02580,Loyal,0
CUST02581,High-Value,1
CUST02582,Loyal,0
CUST02583,Price-Sensitive,2
CUST02584,High-Value,1
CUST02585,Price-Sensitive,4
CUST02586,Price-Sensitive,4
CUST02587,Occasional,3
CUST02588,Loyal,0
CUST02589,High-Value,1
CUST02590,Occasional,3
CUST02591,High-Value,1
CUST02592,Price-Sensitive,4
CUST02593,Price-Sensitive,2
CUST02594,Occasional,3
CUST02595,High-Value,1
CUST02596,Occasional,3
CUST02597,High-Value,1
CUST02598,Occasional,3
CUST02599,Occasional,3
CUST02600,Loyal,0
CUST02601,Occasional,3
CUST02602,High-Value,1
CUST02603,Loyal,0
CUST02604,Occasional,3
CUST02605,High-Value,1
CUST02606,Occasional,3
CUST02607,Occasional,3
CUST02608,Occasional,3
CUST02609,Occasional,3
CUST02610,Price-Sensitive,2
CUST02611,Loyal,0
CUST02612,Occasional,3
CUST02613,Loyal,0
CUST02614,Occasional,3
CUST02615,Loyal,0
CUST02616,Occasional,3
CUST02617,Occasional,3
CUST02618,High-Value,1
CUST02619,Occasional,3
CUST02620,Price-Sensitive,2
CUST02621,Occasional,3
CUST02622,Occasional,3
CUST02623,Occasional,3
CUST02624,Loyal,0
CUST02625,Price-Sensitive,4
CUST02626,Occasional,3
CUST02627,Occasional,3
CUST02628,High-Value,1
CUST02629,Occasional,3
CUST02630,High-Value,1
CUST02631,Occasional,3
CUST02632,Occasional,3
CUST02633,Price-Sensitive,2
CUST02634,Occasional,3
CUST02635,Price-Sensitive,2
CUST02636,Price-Sensitive,2
CUST02637,Price-Sensitive,2
CUST02638,Occasional,3
CUST02639,Occasional,3
CUST02640,Price-Sensitive,2
CUST02641,Occasional,3
CUST02642,Occasional,3
CUST02643,Price-Sensitive,4
CUST02644,Occasional,3
CUST02645,High-Value,1
CUST02646,Loyal,0
CUST02647,High-Value,1
CUST02648,Loyal,0
CUST02649,Price-Sensitive,4
CUST02650,Occasional,3
CUST02651,Occasional,3
CUST02652,Occasional,3
CUST02653,Occasional,3
CUST02654,Occasional,3
CUST02655,High-Value,1
CUST02656,High-Value,1
CUST02657,Occasional,3
CUST02658,High-Value,1
CUST02659,Occasional,3
CUST02660,High-Value,1
CUST02661,Loyal,0
CUST02662,High-Value,1
CUST02663,Loyal,0
CUST02664,Occasional,3
CUST02665,Occasional,3
CUST02666,Price-Sensitive,2
CUST02667,High-Value,1
CUST02668,Price-Sensitive,2
CUST02669,Occasional,3
CUST02670,Price-Sensitive,2
CUST02671,Occasional,3
CUST02672,Loyal,0
CUST02673,Price-Sensitive,2
CUST02674,High-Value,1
CUST02675,Occasional,3
CUST02676,High-Value,1
CUST02677,Price-Sensitive,4
CUST02678,High-Value,1
CUST02679,High-Value,1
CUST02680,Loyal,0
CUST02681,Loyal,0
CUST02682,Price-Sensitive,4
CUST02683,Price-Sensitive,4
CUST02684,High-Value,1
CUST02685,High-Value,1
CUST02686,Occasional,3
CUST02687,Occasional,3
CUST02688,Occasional,3
CUST02689,Occasional,3
CUST02690,Occasional,3
CUST02691,Loyal,0
CUST02692,Price-Sensitive,4
CUST02693,Price-Sensitive,2
CUST02694,Occasional,3
CUST02695,Occasional,3
CUST02696,Occasional,3
CUST02697,Occasional,3
CUST02698,Price-Sensitive,4
CUST02699,Occasional,3
CUST02700,High-Value,1
CUST02701,Price-Sensitive,2
CUST02702,Loyal,0
CUST02703,High-Value,1
CUST02704,Occasional,3
CUST02705,Occasional,3
CUST02706,Occasional,3
CUST02707,Occasional,3
CUST02708,Loyal,0
CUST02709,High-Value,1
CUST02710,Occasional,3
CUST02711,Occasional,3
CUST02712,High-Value,1
CUST02713,Price-Sensitive,2
CUST02714,Price-Sensitive,2
CUST02715,Price-Sensitive,4
CUST02716,High-Value,1
CUST02717,Occasional,3
CUST02718,Occasional,3
CUST02719,Price-Sensitive,4
CUST02720,Price-Sensitive,4
CUST02721,Price-Sensitive,4
CUST02722,Price-Sensitive,4
CUST02723,High-Value,1
CUST02724,Loyal,0
CUST02725,Occasional,3
CUST02726,Occasional,3
CUST02727,Loyal,0
CUST02728,Price-Sensitive,2
CUST02729,Price-Sensitive,2
CUST02730,Occasional,3
CUST02731,High-Value,1
CUST02732,Price-Sensitive,4
CUST02733,Price-Sensitive,2
CUST02734,Occasional,3
CUST02735,High-Value,1
CUST02736,Price-Sensitive,4
CUST02737,Occasional,3
CUST02738,Price-Sensitive,4
CUST02739,High-Value,1
CUST02740,High-Value,1
CUST02741,Loyal,0
CUST02742,Occasional,3
CUST02743,Price-Sensitive,4
CUST02744,High-Value,1
CUST02745,Loyal,0
CUST02746,High-Value,1
CUST02747,High-Value,1
CUST02748,Occasional,3
CUST02749,Price-Sensitive,4
CUST02750,High-Value,1
CUST02751,Occasional,3
CUST02752,Loyal,0
CUST02753,Loyal,0
CUST02754,High-Value,1
CUST02755,Price-Sensitive,4
CUST02756,High-Value,1
CUST02757,Loyal,0
CUST02758,Occasional,3
CUST02759,High-Value,1
CUST02760,Price-Sensitive,2
CUST02761,Price-Sensitive,2
CUST02762,Loyal,0
CUST02763,Occasional,3
CUST02764,Loyal,0
CUST02765,Price-Sensitive,4
CUST02766,Occasional,3
CUST02767,Occasional,3
CUST02768,Occasional,3
CUST02769,Occasional,3
CUST02770,Loyal,0
CUST02771,Occasional,3
CUST02772,Price-Sensitive,2
CUST02773,Price-Sensitive,4
CUST02774,High-Value,1
CUST02775,Price-Sensitive,2
CUST02776,Occasional,3
CUST02777,Loyal,0
CUST02778,Occasional,3
CUST02779,Occasional,3
CUST02780,Occasional,3
CUST02781,Price-Sensitive,4
CUST02782,Occasional,3
CUST02783,High-Value,1
CUST02784,Price-Sensitive,4
CUST02785,Occasional,3
CUST02786,Price-Sensitive,4
CUST02787,High-Value,1
CUST02788,Price-Sensitive,4
CUST02789,Price-Sensitive,4
CUST02790,High-Value,1
CUST02791,Occasional,3
CUST02792,High-Value,1
CUST02793,Loyal,0
CUST02794,Occasional,3
CUST02795,High-Value,1
CUST02796,Price-Sensitive,4
CUST02797,Price-Sensitive,2
CUST02798,Price-Sensitive,2
CUST02799,Price-Sensitive,4
CUST02800,Price-Sensitive,2
CUST02801,Price-Sensitive,4
CUST02802,Price-Sensitive,4
CUST02803,Price-Sensitive,4
CUST02804,High-Value,1
CUST02805,High-Value,1
CUST02806,Price-Sensitive,2
CUST02807,Price-Sensitive,2
CUST02808,Loyal,0
CUST02809,Loyal,0
CUST02810,Price-Sensitive,4
CUST02811,Price-Sensitive,4
CUST02812,Loyal,0
CUST02813,Price-Sensitive,2
CUST02814,Occasional,3
CUST02815,High-Value,1
CUST02816,Price-Sensitive,4
CUST02817,Occasional,3
CUST02818,High-Value,1
CUST02819,Price-Sensitive,4
CUST02820,Occasional,3
CUST02821,Occasional,3
CUST02822,High-Value,1
CUST02823,Price-Sensitive,4
CUST02824,Occasional,3
CUST02825,Occasional,3
CUST02826,Price-Sensitive,4
CUST02827,High-Value,1
CUST02828,Price-Sensitive,2
CUST02829,Price-Sensitive,2
CUST02830,High-Value,1
CUST02831,High-Value,1
CUST02832,Loyal,0
CUST02833,Price-Sensitive,4
CUST02834,Occasional,3
CUST02835,Price-Sensitive,2
CUST02836,Occasional,3
CUST02837,Occasional,3
CUST02838,Occasional,3
CUST02839,High-Value,1
CUST02840,Occasional,3
CUST02841,High-Value,1
CUST02842,Price-Sensitive,2
CUST02843,Price-Sensitive,2
CUST02844,Occasional,3
CUST02845,High-Value,1
CUST02846,High-Value,1
CUST02847,Occasional,3
CUST02848,Occasional,3
CUST02849,Price-Sensitive,2
CUST02850,High-Value,1
CUST02851,Price-Sensitive,4
CUST02852,Occasional,3
CUST02853,High-Value,1
CUST02854,Occasional,3
CUST02855,Occasional,3
CUST02856,Occasional,3
CUST02857,Loyal,0
CUST02858,Occasional,3
CUST02859,High-Value,1
CUST02860,Occasional,3
CUST02861,Occasional,3
CUST02862,Occasional,3
CUST02863,Occasional,3
CUST02864,Occasional,3
CUST02865,Occasional,3
CUST02866,Loyal,0
CUST02867,Loyal,0
CUST02868,High-Value,1
CUST02869,Price-Sensitive,4
CUST02870,Occasional,3
CUST02871,Occasional,3
CUST02872,Occasional,3
CUST02873,Price-Sensitive,4
CUST02874,Occasional,3
CUST02875,Occasional,3
CUST02876,Occasional,3
CUST02877,Loyal,0
CUST02878,Occasional,3
CUST02879,High-Value,1
CUST02880,Occasional,3
CUST02881,Loyal,0
CUST02882,Occasional,3
CUST02883,Loyal,0
CUST02884,Occasional,3
CUST02885,Loyal,0
CUST02886,Occasional,3
CUST02887,Price-Sensitive,4
CUST02888,Occasional,3
CUST02889,High-Value,1
CUST02890,Occasional,3
CUST02891,Price-Sensitive,2
CUST02892,Price-Sensitive,4
CUST02893,High-Value,1
CUST02894,Price-Sensitive,2
CUST02895,Occasional,3
CUST02896,Price-Sensitive,4
CUST02897,Occasional,3
CUST02898,Price-Sensitive,4
CUST02899,Price-Sensitive,4
CUST02900,Loyal,0
CUST02901,Price-Sensitive,2
CUST02902,Price-Sensitive,2
CUST02903,High-Value,1
CUST02904,Occasional,3
CUST02905,Occasional,3
CUST02906,Price-Sensitive,4
CUST02907,High-Value,1
CUST02908,Occasional,3
CUST02909,Price-Sensitive,2
CUST02910,High-Value,1
CUST02911,High-Value,1
CUST02912,Occasional,3
CUST02913,Occasional,3
CUST02914,Price-Sensitive,2
CUST02915,Occasional,3
CUST02916,High-Value,1
CUST02917,Occasional,3
CUST02918,Occasional,3
CUST02919,Price-Sensitive,2
CUST02920,Price-Sensitive,4
CUST02921,Price-Sensitive,2
CUST02922,High-Value,1
CUST02923,Occasional,3
CUST02924,Loyal,0
CUST02925,Occasional,3
CUST02926,Price-Sensitive,4
CUST02927,Loyal,0
CUST02928,Loyal,0
CUST02929,Price-Sensitive,2
CUST02930,Occasional,3
CUST02931,Occasional,3
CUST02932,Price-Sensitive,2
CUST02933,High-Value,1
CUST02934,Price-Sensitive,4
CUST02935,Loyal,0
CUST02936,Price-Sensitive,4
CUST02937,Occasional,3
CUST02938,Occasional,3
CUST02939,High-Value,1
CUST02940,Occasional,3
CUST02941,Price-Sensitive,2
CUST02942,Occasional,3
CUST02943,Price-Sensitive,2
CUST02944,Occasional,3
CUST02945,Price-Sensitive,4
CUST02946,Occasional,3
CUST02947,Price-Sensitive,4
CUST02948,Occasional,3
CUST02949,High-Value,1
CUST02950,High-Value,1
CUST02951,Occasional,3
CUST02952,Price-Sensitive,4
CUST02953,Occasional,3
CUST02954,Occasional,3
CUST02955,Loyal,0
CUST02956,Occasional,3
CUST02957,High-Value,1
CUST02958,Loyal,0
CUST02959,Price-Sensitive,4
CUST02960,Occasional,3
CUST02961,Occasional,3
CUST02962,Price-Sensitive,4
CUST02963,Price-Sensitive,2
CUST02964,Loyal,0
CUST02965,Occasional,3
CUST02966,Price-Sensitive,2
CUST02967,Price-Sensitive,2
CUST02968,Occasional,3
CUST02969,Occasional,3
CUST02970,Price-Sensitive,4
CUST02971,Occasional,3
CUST02972,Occasional,3
CUST02973,Price-Sensitive,4
CUST02974,Occasional,3
CUST02975,Occasional,3
CUST02976,Occasional,3
CUST02977,Occasional,3
CUST02978,Occasional,3
CUST02979,Occasional,3
CUST02980,Occasional,3
CUST02981,Price-Sensitive,4
CUST02982,Occasional,3
CUST02983,Occasional,3
CUST02984,High-Value,1
CUST02985,Price-Sensitive,4
CUST02986,High-Value,1
CUST02987,Occasional,3
CUST02988,Price-Sensitive,4
CUST02989,Occasional,3
CUST02990,High-Value,1
CUST02991,Occasional,3
CUST02992,Price-Sensitive,2
CUST02993,Loyal,0
CUST02994,Price-Sensitive,2
CUST02995,Loyal,0
CUST02996,Occasional,3
CUST02997,Price-Sensitive,2
CUST02998,Occasional,3
CUST02999,High-Value,1
CUST03000,Price-Sensitive,4
CUST03001,Price-Sensitive,4
CUST03002,Price-Sensitive,4
CUST03003,Loyal,0
CUST03004,Occasional,3
CUST03005,Occasional,3
CUST03006,Loyal,0
CUST03007,Occasional,3
CUST03008,High-Value,1
CUST03009,High-Value,1
CUST03010,Price-Sensitive,2
CUST03011,High-Value,1
CUST03012,Price-Sensitive,2
CUST03013,Occasional,3
CUST03014,Occasional,3
CUST03015,Price-Sensitive,4
CUST03016,Occasional,3
CUST03017,Occasional,3
CUST03018,High-Value,1
CUST03019,High-Value,1
CUST03020,High-Value,1
CUST03021,Price-Sensitive,2
CUST03022,Occasional,3
CUST03023,Price-Sensitive,4
CUST03024,High-Value,1
CUST03025,High-Value,1
CUST03026,Loyal,0
CUST03027,Occasional,3
CUST03028,Occasional,3
CUST03029,Occasional,3
CUST03030,Occasional,3
CUST03031,Price-Sensitive,4
CUST03032,High-Value,1
CUST03033,Price-Sensitive,4
CUST03034,Occasional,3
CUST03035,Occasional,3
CUST03036,Occasional,3
CUST03037,Occasional,3
CUST03038,Occasional,3
CUST03039,Occasional,3
CUST03040,Occasional,3
CUST03041,Occasional,3
CUST03042,High-Value,1
CUST03043,High-Value,1
CUST03044,Price-Sensitive,2
CUST03045,High-Value,1
CUST03046,Occasional,3
CUST03047,High-Value,1
CUST03048,Occasional,3
CUST03049,Price-Sensitive,4
CUST03050,High-Value,1
CUST03051,Price-Sensitive,4
CUST03052,High-Value,1
CUST03053,Occasional,3
CUST03054,Occasional,3
CUST03055,Loyal,0
CUST03056,Price-Sensitive,2
CUST03057,Loyal,0
CUST03058,High-Value,1
CUST03059,Loyal,0
CUST03060,High-Value,1
CUST03061,High-Value,1
CUST03062,Loyal,0
CUST03063,High-Value,1
CUST03064,High-Value,1
CUST03065,Occasional,3
CUST03066,Price-Sensitive,4
CUST03067,Occasional,3
CUST03068,Loyal,0
CUST03069,High-Value,1
CUST03070,Price-Sensitive,4
CUST03071,Loyal,0
CUST03072,Price-Sensitive,4
CUST03073,Occasional,3
CUST03074,High-Value,1
CUST03075,Price-Sensitive,4
CUST03076,Occasional,3
CUST03077,Occasional,3
CUST03078,Occasional,3
CUST03079,High-Value,1
CUST03080,Loyal,0
CUST03081,Occasional,3
CUST03082,Occasional,3
CUST03083,Price-Sensitive,4
CUST03084,Occasional,3
CUST03085,Price-Sensitive,2
CUST03086,Occasional,3
CUST03087,Price-Sensitive,4
CUST03088,Price-Sensitive,2
CUST03089,Price-Sensitive,4
CUST03090,Occasional,3
CUST03091,Loyal,0
CUST03092,Occasional,3
CUST03093,Occasional,3
CUST03094,Occasional,3
CUST03095,Loyal,0
CUST03096,Occasional,3
CUST03097,Occasional,3
CUST03098,Occasional,3
CUST03099,Occasional,3
CUST03100,Occasional,3
CUST03101,High-Value,1
CUST03102,Loyal,0
CUST03103,Occasional,3
CUST03104,High-Value,1
CUST03105,High-Value,1
CUST03106,High-Value,1
CUST03107,Loyal,0
CUST03108,Occasional,3
CUST03109,High-Value,1
CUST03110,High-Value,1
CUST03111,Occasional,3
CUST03112,Occasional,3
CUST03113,Price-Sensitive,4
CUST03114,Price-Sensitive,4
CUST03115,Price-Sensitive,4
CUST03116,Occasional,3
CUST03117,Price-Sensitive,2
CUST03118,Price-Sensitive,4
CUST03119,Occasional,3
CUST03120,High-Value,1
CUST03121,Occasional,3
CUST03122,Loyal,0
CUST03123,Price-Sensitive,4
CUST03124,High-Value,1
CUST03125,High-Value,1
CUST03126,Occasional,3
CUST03127,Occasional,3
CUST03128,Occasional,3
CUST03129,Occasional,3
CUST03130,Occasional,3
CUST03131,Occasional,3
CUST03132,Occasional,3
CUST03133,Price-Sensitive,4
CUST03134,Occasional,3
CUST03135,Occasional,3
CUST03136,Price-Sensitive,4
CUST03137,High-Value,1
CUST03138,High-Value,1
CUST03139,Occasional,3
CUST03140,High-Value,1
CUST03141,Occasional,3
CUST03142,High-Value,1
CUST03143,Occasional,3
CUST03144,Price-Sensitive,4
CUST03145,Price-Sensitive,2
CUST03146,Occasional,3
CUST03147,Occasional,3
CUST03148,High-Value,1
CUST03149,Occasional,3
CUST03150,High-Value,1
CUST03151,Occasional,3
CUST03152,Loyal,0
CUST03153,Occasional,3
CUST03154,Occasional,3
CUST03155,High-Value,1
CUST03156,Loyal,0
CUST03157,Price-Sensitive,2
CUST03158,Occasional,3
CUST03159,High-Value,1
CUST03160,High-Value,1
CUST03161,High-Value,1
CUST03162,Loyal,0
CUST03163,Price-Sensitive,2
CUST03164,Loyal,0
CUST03165,Loyal,0
CUST03166,Price-Sensitive,4
CUST03167,Occasional,3
CUST03168,Price-Sensitive,2
CUST03169,Price-Sensitive,2
CUST03170,Price-Sensitive,4
CUST03171,Occasional,3
CUST03172,Occasional,3
CUST03173,Price-Sensitive,4
CUST03174,High-Value,1
CUST03175,Price-Sensitive,2
CUST03176,Occasional,3
CUST03177,High-Value,1
CUST03178,Occasional,3
CUST03179,Occasional,3
CUST03180,Occasional,3
CUST03181,Occasional,3
CUST03182,Loyal,0
CUST03183,Price-Sensitive,4
CUST03184,Occasional,3
CUST03185,Price-Sensitive,4
CUST03186,High-Value,1
CUST03187,Price-Sensitive,4
CUST03188,Price-Sensitive,2
CUST03189,Occasional,3
CUST03190,Price-Sensitive,4
CUST03191,Occasional,3
CUST03192,Price-Sensitive,2
CUST03193,High-Value,1
CUST03194,Occasional,3
CUST03195,High-Value,1
CUST03196,High-Value,1
CUST03197,High-Value,1
CUST03198,High-Value,1
CUST03199,Price-Sensitive,4
CUST03200,High-Value,1
CUST03201,Price-Sensitive,4
CUST03202,Occasional,3
CUST03203,Price-Sensitive,2
CUST03204,Price-Sensitive,2
CUST03205,Occasional,3
CUST03206,Occasional,3
CUST03207,Occasional,3
CUST03208,Price-Sensitive,2
CUST03209,Loyal,0
CUST03210,Occasional,3
CUST03211,Price-Sensitive,4
CUST03212,Occasional,3
CUST03213,Occasional,3
CUST03214,Loyal,0
CUST03215,Loyal,0
CUST03216,Price-Sensitive,4
CUST03217,High-Value,1
CUST03218,High-Value,1
CUST03219,Price-Sensitive,4
CUST03220,Occasional,3
CUST03221,Occasional,3
CUST03222,Occasional,3
CUST03223,Price-Sensitive,2
CUST03224,Price-Sensitive,2
CUST03225,High-Value,1
CUST03226,Occasional,3
CUST03227,Occasional,3
CUST03228,Price-Sensitive,2
CUST03229,Loyal,0
CUST03230,Occasional,3
CUST03231,High-Value,1
CUST03232,Occasional,3
CUST03233,Price-Sensitive,2
CUST03234,Price-Sensitive,4
CUST03235,Price-Sensitive,4
CUST03236,Occasional,3
CUST03237,High-Value,1
CUST03238,Occasional,3
CUST03239,High-Value,1
CUST03240,Occasional,3
CUST03241,Loyal,0
CUST03242,High-Value,1
CUST03243,High-Value,1
CUST03244,High-Value,1
CUST03245,Loyal,0
CUST03246,Occasional,3
CUST03247,Occasional,3
CUST03248,Occasional,3
CUST03249,Price-Sensitive,4
CUST03250,Occasional,3
CUST03251,High-Value,1
CUST03252,Occasional,3
CUST03253,High-Value,1
CUST03254,High-Value,1
CUST03255,Occasional,3
CUST03256,Loyal,0
CUST03257,Occasional,3
CUST03258,Price-Sensitive,4
CUST03259,Occasional,3
CUST03260,Occasional,3
CUST03261,Price-Sensitive,4
CUST03262,Occasional,3
CUST03263,Price-Sensitive,2
CUST03264,Occasional,3
CUST03265,Occasional,3
CUST03266,Occasional,3
CUST03267,Loyal,0
CUST03268,Price-Sensitive,2
CUST03269,Loyal,0
CUST03270,Occasional,3
CUST03271,Occasional,3
CUST03272,High-Value,1
CUST03273,High-Value,1
CUST03274,High-Value,1
CUST03275,Occasional,3
CUST03276,High-Value,1
CUST03277,Occasional,3
CUST03278,Occasional,3
CUST03279,Price-Sensitive,2
CUST03280,Occasional,3
CUST03281,Occasional,3
CUST03282,Occasional,3
CUST03283,Price-Sensitive,2
CUST03284,Loyal,0
CUST03285,Occasional,3
CUST03286,Occasional,3
CUST03287,Loyal,0
CUST03288,Occasional,3
CUST03289,High-Value,1
CUST03290,High-Value,1
CUST03291,Occasional,3
CUST03292,Price-Sensitive,2
CUST03293,High-Value,1
CUST03294,Occasional,3
CUST03295,Occasional,3
CUST03296,High-Value,1
CUST03297,High-Value,1
CUST03298,Occasional,3
CUST03299,Occasional,3
CUST03300,Price-Sensitive,4
CUST03301,Occasional,3
CUST03302,Price-Sensitive,4
CUST03303,Loyal,0
CUST03304,Loyal,0
CUST03305,Price-Sensitive,2
CUST03306,Occasional,3
CUST03307,Occasional,3
CUST03308,Occasional,3
CUST03309,High-Value,1
CUST03310,High-Value,1
CUST03311,Price-Sensitive,2
CUST03312,High-Value,1
CUST03313,Price-Sensitive,2
CUST03314,Occasional,3
CUST03315,Occasional,3
CUST03316,Price-Sensitive,4
CUST03317,Occasional,3
CUST03318,High-Value,1
CUST03319,Price-Sensitive,4
CUST03320,Occasional,3
CUST03321,Occasional,3
CUST03322,Price-Sensitive,4
CUST03323,Price-Sensitive,4
CUST03324,Occasional,3
CUST03325,Occasional,3
CUST03326,Occasional,3
CUST03327,Price-Sensitive,2
CUST03328,High-Value,1
CUST03329,Price-Sensitive,4
CUST03330,Occasional,3
CUST03331,Occasional,3
CUST03332,Loyal,0
CUST03333,High-Value,1
CUST03334,High-Value,1
CUST03335,Price-Sensitive,2
CUST03336,Occasional,3
CUST03337,Price-Sensitive,2
CUST03338,Occasional,3
CUST03339,Occasional,3
CUST03340,Occasional,3
CUST03341,High-Value,1
CUST03342,Occasional,3
CUST03343,Occasional,3
CUST03344,Price-Sensitive,4
CUST03345,Occasional,3
CUST03346,Price-Sensitive,2
CUST03347,Occasional,3
CUST03348,Price-Sensitive,2
CUST03349,Occasional,3
CUST03350,High-Value,1
CUST03351,High-Value,1
CUST03352,Price-Sensitive,2
CUST03353,Occasional,3
CUST03354,Price-Sensitive,2
CUST03355,Loyal,0
CUST03356,Price-Sensitive,4
CUST03357,Loyal,0
CUST03358,High-Value,1
CUST03359,Price-Sensitive,2
CUST03360,Occasional,3
CUST03361,Occasional,3
CUST03362,High-Value,1
CUST03363,High-Value,1
CUST03364,Occasional,3
CUST03365,High-Value,1
CUST03366,Occasional,3
CUST03367,Loyal,0
CUST03368,High-Value,1
CUST03369,Price-Sensitive,4
CUST03370,Price-Sensitive,4
CUST03371,High-Value,1
CUST03372,Price-Sensitive,2
CUST03373,High-Value,1
CUST03374,High-Value,1
CUST03375,Price-Sensitive,4
CUST03376,Loyal,0
CUST03377,High-Value,1
CUST03378,Occasional,3
CUST03379,High-Value,1
CUST03380,Occasional,3
CUST03381,Price-Sensitive,4
CUST03382,Price-Sensitive,4
CUST03383,Occasional,3
CUST03384,Loyal,0
CUST03385,Occasional,3
CUST03386,Loyal,0
CUST03387,Price-Sensitive,2
CUST03388,Occasional,3
CUST03389,High-Value,1
CUST03390,Price-Sensitive,2
CUST03391,Occasional,3
CUST03392,High-Value,1
CUST03393,Occasional,3
CUST03394,Occasional,3
CUST03395,Price-Sensitive,4
CUST03396,Price-Sensitive,4
CUST03397,Loyal,0
CUST03398,Loyal,0
CUST03399,Occasional,3
CUST03400,Price-Sensitive,4
CUST03401,Occasional,3
CUST03402,Loyal,0
CUST03403,High-Value,1
CUST03404,Price-Sensitive,4
CUST03405,High-Value,1
CUST03406,High-Value,1
CUST03407,Occasional,3
CUST03408,Occasional,3
CUST03409,High-Value,1
CUST03410,Price-Sensitive,2
CUST03411,Occasional,3
CUST03412,Occasional,3
CUST03413,Occasional,3
CUST03414,Loyal,0
CUST03415,Occasional,3
CUST03416,Price-Sensitive,2
CUST03417,Price-Sensitive,4
CUST03418,Price-Sensitive,4
CUST03419,Occasional,3
CUST03420,Loyal,0
CUST03421,Occasional,3
CUST03422,Price-Sensitive,4
CUST03423,Occasional,3
CUST03424,High-Value,1
CUST03425,Occasional,3
CUST03426,Occasional,3
CUST03427,Occasional,3
CUST03428,Price-Sensitive,4
CUST03429,Occasional,3
CUST03430,Price-Sensitive,2
CUST03431,Price-Sensitive,4
CUST03432,High-Value,1
CUST03433,Occasional,3
CUST03434,High-Value,1
CUST03435,High-Value,1
CUST03436,Occasional,3
CUST03437,Occasional,3
CUST03438,High-Value,1
CUST03439,Occasional,3
CUST03440,Occasional,3
CUST03441,High-Value,1
CUST03442,Occasional,3
CUST03443,Price-Sensitive,4
CUST03444,Price-Sensitive,4
CUST03445,High-Value,1
CUST03446,High-Value,1
CUST03447,Occasional,3
CUST03448,Occasional,3
CUST03449,Price-Sensitive,4
CUST03450,Price-Sensitive,2
CUST03451,Loyal,0
CUST03452,Occasional,3
CUST03453,Occasional,3
CUST03454,Price-Sensitive,2
CUST03455,Price-Sensitive,4
CUST03456,Loyal,0
CUST03457,Occasional,3
CUST03458,Occasional,3
CUST03459,Occasional,3
CUST03460,High-Value,1
CUST03461,Occasional,3
CUST03462,Loyal,0
CUST03463,Price-Sensitive,4
CUST03464,Loyal,0
CUST03465,Occasional,3
CUST03466,Price-Sensitive,4
CUST03467,Occasional,3
CUST03468,Price-Sensitive,4
CUST03469,Price-Sensitive,2
CUST03470,Price-Sensitive,2
CUST03471,Loyal,0
CUST03472,Price-Sensitive,2
CUST03473,Price-Sensitive,2
CUST03474,Price-Sensitive,2
CUST03475,Occasional,3
CUST03476,Price-Sensitive,4
CUST03477,Price-Sensitive,2
CUST03478,Occasional,3
CUST03479,High-Value,1
CUST03480,High-Value,1
CUST03481,High-Value,1
CUST03482,High-Value,1
CUST03483,Occasional,3
CUST03484,Price-Sensitive,2
CUST03485,Price-Sensitive,4
CUST03486,High-Value,1
CUST03487,Occasional,3
CUST03488,High-Value,1
CUST03489,Price-Sensitive,2
CUST03490,Occasional,3
CUST03491,Occasional,3
CUST03492,Price-Sensitive,4
CUST03493,Occasional,3
CUST03494,High-Value,1
CUST03495,High-Value,1
CUST03496,Occasional,3
CUST03497,High-Value,1
CUST03498,High-Value,1
CUST03499,High-Value,1
CUST03500,Occasional,3
CUST03501,Price-Sensitive,4
CUST03502,Occasional,3
CUST03503,High-Value,1
CUST03504,Occasional,3
CUST03505,Loyal,0
CUST03506,Loyal,0
CUST03507,High-Value,1
CUST03508,Occasional,3
CUST03509,Price-Sensitive,2
CUST03510,High-Value,1
CUST03511,High-Value,1
CUST03512,Price-Sensitive,2
CUST03513,Occasional,3
CUST03514,Occasional,3
CUST03515,Occasional,3
CUST03516,Occasional,3
CUST03517,Price-Sensitive,4
CUST03518,Price-Sensitive,2
CUST03519,Price-Sensitive,4
CUST03520,Price-Sensitive,4
CUST03521,High-Value,1
CUST03522,High-Value,1
CUST03523,Loyal,0
CUST03524,High-Value,1
CUST03525,High-Value,1
CUST03526,Loyal,0
CUST03527,Occasional,3
CUST03528,Occasional,3
CUST03529,Price-Sensitive,4
CUST03530,Occasional,3
CUST03531,High-Value,1
CUST03532,High-Value,1
CUST03533,Occasional,3
CUST03534,Occasional,3
CUST03535,Occasional,3
CUST03536,Occasional,3
CUST03537,Loyal,0
CUST03538,Occasional,3
CUST03539,High-Value,1
CUST03540,High-Value,1
CUST03541,Price-Sensitive,2
CUST03542,Occasional,3
CUST03543,Occasional,3
CUST03544,High-Value,1
CUST03545,Occasional,3
CUST03546,Loyal,0
CUST03547,Occasional,3
CUST03548,Occasional,3
CUST03549,Price-Sensitive,2
CUST03550,Price-Sensitive,4
CUST03551,High-Value,1
CUST03552,Price-Sensitive,2
CUST03553,High-Value,1
CUST03554,Price-Sensitive,2
CUST03555,Occasional,3
CUST03556,Occasional,3
CUST03557,Occasional,3
CUST03558,Occasional,3
CUST03559,Price-Sensitive,2
CUST03560,High-Value,1
CUST03561,Loyal,0
CUST03562,High-Value,1
CUST03563,Price-Sensitive,2
CUST03564,Price-Sensitive,4
CUST03565,High-Value,1
CUST03566,High-Value,1
CUST03567,High-Value,1
CUST03568,High-Value,1
CUST03569,High-Value,1
CUST03570,High-Value,1
CUST03571,Price-Sensitive,2
CUST03572,Occasional,3
CUST03573,Price-Sensitive,4
CUST03574,Price-Sensitive,2
CUST03575,Price-Sensitive,4
CUST03576,Occasional,3
CUST03577,Occasional,3
CUST03578,Occasional,3
CUST03579,Price-Sensitive,4
CUST03580,High-Value,1
CUST03581,Occasional,3
CUST03582,Occasional,3
CUST03583,High-Value,1
CUST03584,Occasional,3
CUST03585,High-Value,1
CUST03586,Occasional,3
CUST03587,Price-Sensitive,2
CUST03588,Price-Sensitive,2
CUST03589,Loyal,0
CUST03590,High-Value,1
CUST03591,Occasional,3
CUST03592,Price-Sensitive,4
CUST03593,Price-Sensitive,2
CUST03594,Occasional,3
CUST03595,Occasional,3
CUST03596,High-Value,1
CUST03597,Price-Sensitive,4
CUST03598,Loyal,0
CUST03599,Occasional,3
CUST03600,Occasional,3
CUST03601,High-Value,1
CUST03602,Price-Sensitive,2
CUST03603,Price-Sensitive,2
CUST03604,Price-Sensitive,2
CUST03605,Occasional,3
CUST03606,High-Value,1
CUST03607,High-Value,1
CUST03608,Occasional,3
CUST03609,Price-Sensitive,2
CUST03610,Occasional,3
CUST03611,High-Value,1
CUST03612,Occasional,3
CUST03613,Occasional,3
CUST03614,Loyal,0
CUST03615,Occasional,3
CUST03616,Occasional,3
CUST03617,Occasional,3
CUST03618,Occasional,3
CUST03619,Occasional,3
CUST03620,Occasional,3
CUST03621,Price-Sensitive,2
CUST03622,Occasional,3
CUST03623,Price-Sensitive,2
CUST03624,Occasional,3
CUST03625,Occasional,3
CUST03626,Price-Sensitive,4
CUST03627,Price-Sensitive,2
CUST03628,High-Value,1
CUST03629,Occasional,3
CUST03630,High-Value,1
CUST03631,High-Value,1
CUST03632,Occasional,3
CUST03633,Price-Sensitive,2
CUST03634,High-Value,1
CUST03635,High-Value,1
CUST03636,High-Value,1
CUST03637,Occasional,3
CUST03638,Occasional,3
CUST03639,Price-Sensitive,2
CUST03640,High-Value,1
CUST03641,Occasional,3
CUST03642,Occasional,3
CUST03643,Occasional,3
CUST03644,Occasional,3
CUST03645,Occasional,3
CUST03646,Occasional,3
CUST03647,Occasional,3
CUST03648,Occasional,3
CUST03649,Price-Sensitive,2
CUST03650,Loyal,0
CUST03651,Occasional,3
CUST03652,Occasional,3
CUST03653,Price-Sensitive,2
CUST03654,Price-Sensitive,2
CUST03655,Occasional,3
CUST03656,Occasional,3
CUST03657,Occasional,3
CUST03658,Loyal,0
CUST03659,High-Value,1
CUST03660,Price-Sensitive,2
CUST03661,High-Value,1
CUST03662,Occasional,3
CUST03663,High-Value,1
CUST03664,Occasional,3
CUST03665,Price-Sensitive,4
CUST03666,Loyal,0
CUST03667,Occasional,3
CUST03668,Occasional,3
CUST03669,Price-Sensitive,2
CUST03670,Price-Sensitive,2
CUST03671,Occasional,3
CUST03672,Occasional,3
CUST03673,Loyal,0
CUST03674,High-Value,1
CUST03675,Occasional,3
CUST03676,Price-Sensitive,4
CUST03677,Price-Sensitive,2
CUST03678,Occasional,3
CUST03679,Price-Sensitive,4
CUST03680,High-Value,1
CUST03681,Occasional,3
CUST03682,Price-Sensitive,2
CUST03683,Occasional,3
CUST03684,Occasional,3
CUST03685,High-Value,1
CUST03686,Occasional,3
CUST03687,Occasional,3
CUST03688,High-Value,1
CUST03689,Occasional,3
CUST03690,Occasional,3
CUST03691,Loyal,0
CUST03692,Occasional,3
CUST03693,Price-Sensitive,2
CUST03694,Price-Sensitive,2
CUST03695,Price-Sensitive,4
CUST03696,Occasional,3
CUST03697,Occasional,3
CUST03698,Occasional,3
CUST03699,Loyal,0
CUST03700,Price-Sensitive,4
CUST03701,Occasional,3
CUST03702,High-Value,1
CUST03703,Occasional,3
CUST03704,Occasional,3
CUST03705,Loyal,0
CUST03706,Occasional,3
CUST03707,High-Value,1
CUST03708,High-Value,1
CUST03709,Occasional,3
CUST03710,Price-Sensitive,4
CUST03711,Price-Sensitive,2
CUST03712,High-Value,1
CUST03713,Occasional,3
CUST03714,Occasional,3
CUST03715,Price-Sensitive,4
CUST03716,High-Value,1
CUST03717,Price-Sensitive,4
CUST03718,Occasional,3
CUST03719,Price-Sensitive,2
CUST03720,Loyal,0
CUST03721,Occasional,3
CUST03722,Price-Sensitive,2
CUST03723,Price-Sensitive,4
CUST03724,Price-Sensitive,4
CUST03725,Occasional,3
CUST03726,High-Value,1
CUST03727,Loyal,0
CUST03728,Price-Sensitive,4
CUST03729,High-Value,1
CUST03730,Occasional,3
CUST03731,Price-Sensitive,4
CUST03732,Occasional,3
CUST03733,Loyal,0
CUST03734,Occasional,3
CUST03735,Loyal,0
CUST03736,Occasional,3
CUST03737,Occasional,3
CUST03738,Occasional,3
CUST03739,Price-Sensitive,4
CUST03740,High-Value,1
CUST03741,Price-Sensitive,4
CUST03742,Loyal,0
CUST03743,Occasional,3
CUST03744,High-Value,1
CUST03745,Price-Sensitive,4
CUST03746,Loyal,0
CUST03747,Occasional,3
CUST03748,Price-Sensitive,2
CUST03749,Occasional,3
CUST03750,Occasional,3
CUST03751,Occasional,3
CUST03752,High-Value,1
CUST03753,Occasional,3
CUST03754,Price-Sensitive,2
CUST03755,Price-Sensitive,4
CUST03756,High-Value,1
CUST03757,High-Value,1
CUST03758,High-Value,1
CUST03759,Price-Sensitive,4
CUST03760,High-Value,1
CUST03761,High-Value,1
CUST03762,Price-Sensitive,2
CUST03763,Price-Sensitive,2
CUST03764,Occasional,3
CUST03765,Occasional,3
CUST03766,Occasional,3
CUST03767,Occasional,3
CUST03768,Occasional,3
CUST03769,High-Value,1
CUST03770,High-Value,1
CUST03771,Occasional,3
CUST03772,Occasional,3
CUST03773,Occasional,3
CUST03774,Loyal,0
CUST03775,Occasional,3
CUST03776,High-Value,1
CUST03777,Occasional,3
CUST03778,Occasional,3
CUST03779,Price-Sensitive,4
CUST03780,High-Value,1
CUST03781,High-Value,1
CUST03782,Occasional,3
CUST03783,Loyal,0
CUST03784,Price-Sensitive,2
CUST03785,Loyal,0
CUST03786,High-Value,1
CUST03787,Occasional,3
CUST03788,Occasional,3
CUST03789,Occasional,3
CUST03790,Price-Sensitive,4
CUST03791,Occasional,3
CUST03792,Occasional,3
CUST03793,Occasional,3
CUST03794,Occasional,3
CUST03795,Occasional,3
CUST03796,High-Value,1
CUST03797,Occasional,3
CUST03798,Price-Sensitive,2
CUST03799,Price-Sensitive,2
CUST03800,High-Value,1
CUST03801,Occasional,3
CUST03802,High-Value,1
CUST03803,Occasional,3
CUST03804,Occasional,3
CUST03805,Price-Sensitive,4
CUST03806,Price-Sensitive,4
CUST03807,Price-Sensitive,4
CUST03808,Loyal,0
CUST03809,Occasional,3
CUST03810,Price-Sensitive,2
CUST03811,High-Value,1
CUST03812,Occasional,3
CUST03813,Occasional,3
CUST03814,High-Value,1
CUST03815,Occasional,3
CUST03816,High-Value,1
CUST03817,Occasional,3
CUST03818,Occasional,3
CUST03819,Occasional,3
CUST03820,Occasional,3
CUST03821,Loyal,0
CUST03822,Price-Sensitive,4
CUST03823,Occasional,3
CUST03824,Price-Sensitive,4
CUST03825,Occasional,3
CUST03826,Price-Sensitive,4
CUST03827,High-Value,1
CUST03828,Occasional,3
CUST03829,Price-Sensitive,4
CUST03830,High-Value,1
CUST03831,Occasional,3
CUST03832,Occasional,3
CUST03833,Occasional,3
CUST03834,Loyal,0
CUST03835,Price-Sensitive,2
CUST03836,Occasional,3
CUST03837,Price-Sensitive,2
CUST03838,Occasional,3
CUST03839,Occasional,3
CUST03840,Occasional,3
CUST03841,High-Value,1
CUST03842,Occasional,3
CUST03843,Price-Sensitive,4
CUST03844,Occasional,3
CUST03845,Price-Sensitive,2
CUST03846,High-Value,1
CUST03847,Occasional,3
CUST03848,Occasional,3
CUST03849,Occasional,3
CUST03850,High-Value,1
CUST03851,Occasional,3
CUST03852,Price-Sensitive,2
CUST03853,High-Value,1
CUST03854,Loyal,0
CUST03855,Occasional,3
CUST03856,Occasional,3
CUST03857,High-Value,1
CUST03858,Price-Sensitive,4
CUST03859,Occasional,3
CUST03860,Occasional,3
CUST03861,Occasional,3
CUST03862,Price-Sensitive,4
CUST03863,High-Value,1
CUST03864,Occasional,3
CUST03865,Occasional,3
CUST03866,Occasional,3
CUST03867,Price-Sensitive,2
CUST03868,High-Value,1
CUST03869,Price-Sensitive,2
CUST03870,High-Value,1
CUST03871,Occasional,3
CUST03872,Price-Sensitive,4
CUST03873,Loyal,0
CUST03874,High-Value,1
CUST03875,High-Value,1
CUST03876,Loyal,0
CUST03877,Occasional,3
CUST03878,Price-Sensitive,4
CUST03879,High-Value,1
CUST03880,High-Value,1
CUST03881,Occasional,3
CUST03882,High-Value,1
CUST03883,Occasional,3
CUST03884,High-Value,1
CUST03885,Occasional,3
CUST03886,Occasional,3
CUST03887,High-Value,1
CUST03888,Price-Sensitive,2
CUST03889,High-Value,1
CUST03890,Price-Sensitive,2
CUST03891,High-Value,1
CUST03892,Loyal,0
CUST03893,Occasional,3
CUST03894,Price-Sensitive,4
CUST03895,Loyal,0
CUST03896,Price-Sensitive,4
CUST03897,Price-Sensitive,4
CUST03898,High-Value,1
CUST03899,High-Value,1
CUST03900,High-Value,1
CUST03901,Occasional,3
CUST03902,Occasional,3
CUST03903,High-Value,1
CUST03904,Occasional,3
CUST03905,Occasional,3
CUST03906,High-Value,1
CUST03907,High-Value,1
CUST03908,High-Value,1
CUST03909,Price-Sensitive,4
CUST03910,Price-Sensitive,2
CUST03911,High-Value,1
CUST03912,Loyal,0
CUST03913,High-Value,1
CUST03914,Price-Sensitive,4
CUST03915,Occasional,3
CUST03916,Price-Sensitive,2
CUST03917,High-Value,1
CUST03918,Price-Sensitive,4
CUST03919,Price-Sensitive,4
CUST03920,Price-Sensitive,2
CUST03921,Price-Sensitive,4
CUST03922,High-Value,1
CUST03923,High-Value,1
CUST03924,Occasional,3
CUST03925,Occasional,3
CUST03926,Occasional,3
CUST03927,Occasional,3
CUST03928,Price-Sensitive,4
CUST03929,Price-Sensitive,2
CUST03930,Occasional,3
CUST03931,Price-Sensitive,4
CUST03932,High-Value,1
CUST03933,Occasional,3
CUST03934,High-Value,1
CUST03935,Occasional,3
CUST03936,Occasional,3
CUST03937,High-Value,1
CUST03938,Loyal,0
CUST03939,Price-Sensitive,4
CUST03940,Occasional,3
CUST03941,Occasional,3
CUST03942,Occasional,3
CUST03943,Occasional,3
CUST03944,Occasional,3
CUST03945,Occasional,3
CUST03946,Price-Sensitive,4
CUST03947,Price-Sensitive,4
CUST03948,Loyal,0
CUST03949,Occasional,3
CUST03950,Price-Sensitive,4
CUST03951,Price-Sensitive,2
CUST03952,Price-Sensitive,4
CUST03953,Price-Sensitive,2
CUST03954,Occasional,3
CUST03955,Loyal,0
CUST03956,Loyal,0
CUST03957,Occasional,3
CUST03958,Price-Sensitive,4
CUST03959,Occasional,3
CUST03960,Occasional,3
CUST03961,Loyal,0
CUST03962,Occasional,3
CUST03963,Occasional,3
CUST03964,Price-Sensitive,4
CUST03965,Occasional,3
CUST03966,High-Value,1
CUST03967,High-Value,1
CUST03968,Price-Sensitive,2
CUST03969,High-Value,1
CUST03970,High-Value,1
CUST03971,Price-Sensitive,4
CUST03972,Occasional,3
CUST03973,Occasional,3
CUST03974,Price-Sensitive,2
CUST03975,Occasional,3
CUST03976,Price-Sensitive,2
CUST03977,Loyal,0
CUST03978,Occasional,3
CUST03979,High-Value,1
CUST03980,Loyal,0
CUST03981,Occasional,3
CUST03982,Price-Sensitive,4
CUST03983,High-Value,1
CUST03984,High-Value,1
CUST03985,Price-Sensitive,4
CUST03986,Occasional,3
CUST03987,Price-Sensitive,2
CUST03988,High-Value,1
CUST03989,Occasional,3
CUST03990,High-Value,1
CUST03991,Price-Sensitive,2
CUST03992,High-Value,1
CUST03993,High-Value,1
CUST03994,Occasional,3
CUST03995,Price-Sensitive,4
CUST03996,Occasional,3
CUST03997,Occasional,3
CUST03998,Price-Sensitive,4
CUST03999,Occasional,3
CUST04000,High-Value,1
CUST04001,Price-Sensitive,2
CUST04002,High-Value,1
CUST04003,Occasional,3
CUST04004,Occasional,3
CUST04005,Price-Sensitive,2
CUST04006,Price-Sensitive,4
CUST04007,Loyal,0
CUST04008,Price-Sensitive,2
CUST04009,Price-Sensitive,4
CUST04010,High-Value,1
CUST04011,Price-Sensitive,2
CUST04012,Occasional,3
CUST04013,Price-Sensitive,4
CUST04014,Price-Sensitive,2
CUST04015,High-Value,1
CUST04016,Occasional,3
CUST04017,Loyal,0
CUST04018,Occasional,3
CUST04019,Price-Sensitive,4
CUST04020,Occasional,3
CUST04021,Price-Sensitive,2
CUST04022,Price-Sensitive,4
CUST04023,High-Value,1
CUST04024,Occasional,3
CUST04025,Occasional,3
CUST04026,Price-Sensitive,2
CUST04027,High-Value,1
CUST04028,Price-Sensitive,4
CUST04029,Occasional,3
CUST04030,Loyal,0
CUST04031,Price-Sensitive,2
CUST04032,Occasional,3
CUST04033,Occasional,3
CUST04034,Price-Sensitive,4
CUST04035,Price-Sensitive,2
CUST04036,High-Value,1
CUST04037,Price-Sensitive,4
CUST04038,Loyal,0
CUST04039,Occasional,3
CUST04040,Occasional,3
CUST04041,Price-Sensitive,4
CUST04042,Occasional,3
CUST04043,High-Value,1
CUST04044,Price-Sensitive,2
CUST04045,Occasional,3
CUST04046,Occasional,3
CUST04047,Loyal,0
CUST04048,High-Value,1
CUST04049,High-Value,1
CUST04050,Occasional,3
CUST04051,High-Value,1
CUST04052,Occasional,3
CUST04053,Loyal,0
CUST04054,High-Value,1
CUST04055,Occasional,3
CUST04056,Occasional,3
CUST04057,High-Value,1
CUST04058,Occasional,3
CUST04059,Loyal,0
CUST04060,Occasional,3
CUST04061,Price-Sensitive,2
CUST04062,Occasional,3
CUST04063,Occasional,3
CUST04064,Occasional,3
CUST04065,High-Value,1
CUST04066,Occasional,3
CUST04067,Occasional,3
CUST04068,Occasional,3
CUST04069,Price-Sensitive,4
CUST04070,Occasional,3
CUST04071,Occasional,3
CUST04072,Occasional,3
CUST04073,Loyal,0
CUST04074,Price-Sensitive,2
CUST04075,High-Value,1
CUST04076,Price-Sensitive,4
CUST04077,Occasional,3
CUST04078,Loyal,0
CUST04079,Occasional,3
CUST04080,Price-Sensitive,4
CUST04081,Loyal,0
CUST04082,Price-Sensitive,4
CUST04083,High-Value,1
CUST04084,Occasional,3
CUST04085,High-Value,1
CUST04086,Price-Sensitive,2
CUST04087,Loyal,0
CUST04088,Occasional,3
CUST04089,Occasional,3
CUST04090,Occasional,3
CUST04091,Occasional,3
CUST04092,Occasional,3
CUST04093,Price-Sensitive,2
CUST04094,Occasional,3
CUST04095,Occasional,3
CUST04096,Price-Sensitive,4
CUST04097,Price-Sensitive,2
CUST04098,Loyal,0
CUST04099,Occasional,3
CUST04100,Price-Sensitive,2
CUST04101,Occasional,3
CUST04102,Occasional,3
CUST04103,Occasional,3
CUST04104,Price-Sensitive,2
CUST04105,Price-Sensitive,4
CUST04106,Occasional,3
CUST04107,High-Value,1
CUST04108,Loyal,0
CUST04109,Loyal,0
CUST04110,Occasional,3
CUST04111,High-Value,1
CUST04112,High-Value,1
CUST04113,Loyal,0
CUST04114,Occasional,3
CUST04115,Occasional,3
CUST04116,Loyal,0
CUST04117,High-Value,1
CUST04118,Price-Sensitive,2
CUST04119,Occasional,3
CUST04120,Occasional,3
CUST04121,Loyal,0
CUST04122,Occasional,3
CUST04123,High-Value,1
CUST04124,Occasional,3
CUST04125,High-Value,1
CUST04126,Occasional,3
CUST04127,Occasional,3
CUST04128,Price-Sensitive,2
CUST04129,Occasional,3
CUST04130,Occasional,3
CUST04131,Occasional,3
CUST04132,High-Value,1
CUST04133,Price-Sensitive,2
CUST04134,Price-Sensitive,2
CUST04135,Loyal,0
CUST04136,Loyal,0
CUST04137,Occasional,3
CUST04138,Loyal,0
CUST04139,Price-Sensitive,4
CUST04140,Occasional,3
CUST04141,Occasional,3
CUST04142,Occasional,3
CUST04143,High-Value,1
CUST04144,Occasional,3
CUST04145,Occasional,3
CUST04146,High-Value,1
CUST04147,Occasional,3
CUST04148,Loyal,0
CUST04149,High-Value,1
CUST04150,Price-Sensitive,4
CUST04151,Occasional,3
CUST04152,Price-Sensitive,4
CUST04153,Occasional,3
CUST04154,Occasional,3
CUST04155,Price-Sensitive,2
CUST04156,High-Value,1
CUST04157,Price-Sensitive,4
CUST04158,Occasional,3
CUST04159,Price-Sensitive,4
CUST04160,Occasional,3
CUST04161,Occasional,3
CUST04162,High-Value,1
CUST04163,High-Value,1
CUST04164,Occasional,3
CUST04165,Occasional,3
CUST04166,Loyal,0
CUST04167,High-Value,1
CUST04168,High-Value,1
CUST04169,Occasional,3
CUST04170,Occasional,3
CUST04171,Occasional,3
CUST04172,Occasional,3
CUST04173,High-Value,1
CUST04174,Loyal,0
CUST04175,Occasional,3
CUST04176,Occasional,3
CUST04177,Occasional,3
CUST04178,High-Value,1
CUST04179,Loyal,0
CUST04180,High-Value,1
CUST04181,Loyal,0
CUST04182,High-Value,1
CUST04183,Occasional,3
CUST04184,Occasional,3
CUST04185,Price-Sensitive,4
CUST04186,Price-Sensitive,2
CUST04187,High-Value,1
CUST04188,Loyal,0
CUST04189,Occasional,3
CUST04190,Loyal,0
CUST04191,Price-Sensitive,4
CUST04192,Occasional,3
CUST04193,Price-Sensitive,4
CUST04194,Loyal,0
CUST04195,Price-Sensitive,4
CUST04196,Occasional,3
CUST04197,Loyal,0
CUST04198,Price-Sensitive,2
CUST04199,High-Value,1
CUST04200,Price-Sensitive,4
CUST04201,Occasional,3
CUST04202,High-Value,1
CUST04203,Price-Sensitive,4
CUST04204,High-Value,1
CUST04205,Price-Sensitive,2
CUST04206,Occasional,3
CUST04207,Occasional,3
CUST04208,Loyal,0
CUST04209,Loyal,0
CUST04210,High-Value,1
CUST04211,Occasional,3
CUST04212,Occasional,3
CUST04213,Occasional,3
CUST04214,Loyal,0
CUST04215,High-Value,1
CUST04216,Occasional,3
CUST04217,Occasional,3
CUST04218,Occasional,3
CUST04219,Occasional,3
CUST04220,Occasional,3
CUST04221,Loyal,0
CUST04222,Occasional,3
CUST04223,Occasional,3
CUST04224,Price-Sensitive,4
CUST04225,Occasional,3
CUST04226,Occasional,3
CUST04227,High-Value,1
CUST04228,Price-Sensitive,4
CUST04229,High-Value,1
CUST04230,Price-Sensitive,2
CUST04231,Price-Sensitive,4
CUST04232,High-Value,1
CUST04233,High-Value,1
CUST04234,Occasional,3
CUST04235,Price-Sensitive,2
CUST04236,Loyal,0
CUST04237,High-Value,1
CUST04238,Price-Sensitive,2
CUST04239,Price-Sensitive,4
CUST04240,Price-Sensitive,4
CUST04241,Price-Sensitive,2
CUST04242,High-Value,1
CUST04243,Price-Sensitive,2
CUST04244,High-Value,1
CUST04245,Occasional,3
CUST04246,Price-Sensitive,2
CUST04247,High-Value,1
CUST04248,High-Value,1
CUST04249,High-Value,1
CUST04250,Price-Sensitive,4
CUST04251,High-Value,1
CUST04252,Occasional,3
CUST04253,Occasional,3
CUST04254,Occasional,3
CUST04255,Occasional,3
CUST04256,Price-Sensitive,4
CUST04257,High-Value,1
CUST04258,High-Value,1
CUST04259,High-Value,1
CUST04260,Occasional,3
CUST04261,Price-Sensitive,4
CUST04262,Occasional,3
CUST04263,Occasional,3
CUST04264,Occasional,3
CUST04265,Price-Sensitive,2
CUST04266,Loyal,0
CUST04267,Price-Sensitive,2
CUST04268,High-Value,1
CUST04269,Price-Sensitive,4
CUST04270,High-Value,1
CUST04271,Price-Sensitive,2
CUST04272,Loyal,0
CUST04273,Occasional,3
CUST04274,Occasional,3
CUST04275,Occasional,3
CUST04276,Loyal,0
CUST04277,Price-Sensitive,4
CUST04278,Occasional,3
CUST04279,High-Value,1
CUST04280,Price-Sensitive,4
CUST04281,High-Value,1
CUST04282,High-Value,1
CUST04283,High-Value,1
CUST04284,High-Value,1
CUST04285,Occasional,3
CUST04286,High-Value,1
CUST04287,Occasional,3
CUST04288,Price-Sensitive,4
CUST04289,Occasional,3
CUST04290,Occasional,3
CUST04291,Occasional,3
CUST04292,Price-Sensitive,2
CUST04293,Occasional,3
CUST04294,Occasional,3
CUST04295,High-Value,1
CUST04296,Occasional,3
CUST04297,Occasional,3
CUST04298,Occasional,3
CUST04299,Occasional,3
CUST04300,Price-Sensitive,4
CUST04301,Occasional,3
CUST04302,Occasional,3
CUST04303,Occasional,3
CUST04304,Occasional,3
CUST04305,Occasional,3
CUST04306,Price-Sensitive,4
CUST04307,Loyal,0
CUST04308,Price-Sensitive,2
CUST04309,Loyal,0
CUST04310,Occasional,3
CUST04311,Occasional,3
CUST04312,Occasional,3
CUST04313,Occasional,3
CUST04314,High-Value,1
CUST04315,Occasional,3
CUST04316,Price-Sensitive,2
CUST04317,Occasional,3
CUST04318,High-Value,1
CUST04319,High-Value,1
CUST04320,Price-Sensitive,4
CUST04321,High-Value,1
CUST04322,Occasional,3
CUST04323,High-Value,1
CUST04324,Occasional,3
CUST04325,Price-Sensitive,4
CUST04326,Occasional,3
CUST04327,Occasional,3
CUST04328,High-Value,1
CUST04329,Occasional,3
CUST04330,Occasional,3
CUST04331,Occasional,3
CUST04332,Occasional,3
CUST04333,Loyal,0
CUST04334,Price-Sensitive,2
CUST04335,Occasional,3
CUST04336,Occasional,3
CUST04337,High-Value,1
CUST04338,High-Value,1
CUST04339,Occasional,3
CUST04340,Occasional,3
CUST04341,Occasional,3
CUST04342,Price-Sensitive,4
CUST04343,Occasional,3
CUST04344,Loyal,0
CUST04345,Loyal,0
CUST04346,Loyal,0
CUST04347,High-Value,1
CUST04348,Occasional,3
CUST04349,Occasional,3
CUST04350,Occasional,3
CUST04351,Occasional,3
CUST04352,Occasional,3
CUST04353,Occasional,3
CUST04354,Occasional,3
CUST04355,High-Value,1
CUST04356,Price-Sensitive,2
CUST04357,High-Value,1
CUST04358,Occasional,3
CUST04359,Price-Sensitive,4
CUST04360,High-Value,1
CUST04361,High-Value,1
CUST04362,Price-Sensitive,2
CUST04363,Occasional,3
CUST04364,Occasional,3
CUST04365,Price-Sensitive,4
CUST04366,Occasional,3
CUST04367,Loyal,0
CUST04368,Price-Sensitive,2
CUST04369,High-Value,1
CUST04370,Loyal,0
CUST04371,Price-Sensitive,4
CUST04372,High-Value,1
CUST04373,Occasional,3
CUST04374,High-Value,1
CUST04375,Occasional,3
CUST04376,High-Value,1
CUST04377,High-Value,1
CUST04378,Price-Sensitive,2
CUST04379,Occasional,3
CUST04380,Occasional,3
CUST04381,Occasional,3
CUST04382,Occasional,3
CUST04383,Price-Sensitive,2
CUST04384,Price-Sensitive,2
CUST04385,High-Value,1
CUST04386,Price-Sensitive,2
CUST04387,Price-Sensitive,2
CUST04388,High-Value,1
CUST04389,High-Value,1
CUST04390,Price-Sensitive,2
CUST04391,Price-Sensitive,2
CUST04392,Price-Sensitive,4
CUST04393,Loyal,0
CUST04394,Price-Sensitive,4
CUST04395,Occasional,3
CUST04396,Occasional,3
CUST04397,Occasional,3
CUST04398,Occasional,3
CUST04399,Price-Sensitive,4
CUST04400,Occasional,3
CUST04401,Price-Sensitive,4
CUST04402,Occasional,3
CUST04403,Price-Sensitive,2
CUST04404,Price-Sensitive,4
CUST04405,Occasional,3
CUST04406,High-Value,1
CUST04407,Price-Sensitive,2
CUST04408,Occasional,3
CUST04409,Price-Sensitive,2
CUST04410,Price-Sensitive,4
CUST04411,High-Value,1
CUST04412,Price-Sensitive,4
CUST04413,Price-Sensitive,4
CUST04414,High-Value,1
CUST04415,High-Value,1
CUST04416,Occasional,3
CUST04417,High-Value,1
CUST04418,High-Value,1
CUST04419,Price-Sensitive,2
CUST04420,Loyal,0
CUST04421,High-Value,1
CUST04422,Occasional,3
CUST04423,Price-Sensitive,4
CUST04424,Occasional,3
CUST04425,Occasional,3
CUST04426,Occasional,3
CUST04427,Price-Sensitive,4
CUST04428,Price-Sensitive,2
CUST04429,Price-Sensitive,4
CUST04430,Occasional,3
CUST04431,High-Value,1
CUST04432,High-Value,1
CUST04433,High-Value,1
CUST04434,Price-Sensitive,2
CUST04435,Occasional,3
CUST04436,Occasional,3
CUST04437,Price-Sensitive,2
CUST04438,Occasional,3
CUST04439,Occasional,3
CUST04440,Occasional,3
CUST04441,Loyal,0
CUST04442,Occasional,3
CUST04443,Price-Sensitive,2
CUST04444,Price-Sensitive,2
CUST04445,Occasional,3
CUST04446,Occasional,3
CUST04447,Price-Sensitive,4
CUST04448,High-Value,1
CUST04449,Occasional,3
CUST04450,High-Value,1
CUST04451,High-Value,1
CUST04452,Price-Sensitive,2
CUST04453,Loyal,0
CUST04454,Occasional,3
CUST04455,Price-Sensitive,4
CUST04456,High-Value,1
CUST04457,Occasional,3
CUST04458,Occasional,3
CUST04459,Price-Sensitive,2
CUST04460,Price-Sensitive,4
CUST04461,Price-Sensitive,4
CUST04462,Price-Sensitive,4
CUST04463,Price-Sensitive,4
CUST04464,Price-Sensitive,4
CUST04465,Occasional,3
CUST04466,Price-Sensitive,2
CUST04467,Loyal,0
CUST04468,Price-Sensitive,2
CUST04469,Loyal,0
CUST04470,High-Value,1
CUST04471,Occasional,3
CUST04472,Price-Sensitive,4
CUST04473,Occasional,3
CUST04474,Occasional,3
CUST04475,Occasional,3
CUST04476,High-Value,1
CUST04477,Occasional,3
CUST04478,Occasional,3
CUST04479,Occasional,3
CUST04480,Occasional,3
CUST04481,Occasional,3
CUST04482,Occasional,3
CUST04483,High-Value,1
CUST04484,Occasional,3
CUST04485,Price-Sensitive,4
CUST04486,Loyal,0
CUST04487,Price-Sensitive,4
CUST04488,Occasional,3
CUST04489,Occasional,3
CUST04490,Occasional,3
CUST04491,High-Value,1
CUST04492,Loyal,0
CUST04493,High-Value,1
CUST04494,Price-Sensitive,4
CUST04495,Price-Sensitive,2
CUST04496,Occasional,3
CUST04497,Occasional,3
CUST04498,High-Value,1
CUST04499,Occasional,3
CUST04500,High-Value,1
CUST04501,Price-Sensitive,4
CUST04502,Occasional,3
CUST04503,Price-Sensitive,2
CUST04504,Occasional,3
CUST04505,High-Value,1
CUST04506,Occasional,3
CUST04507,Loyal,0
CUST04508,High-Value,1
CUST04509,Price-Sensitive,2
CUST04510,High-Value,1
CUST04511,Loyal,0
CUST04512,High-Value,1
CUST04513,Price-Sensitive,2
CUST04514,Occasional,3
CUST04515,High-Value,1
CUST04516,Loyal,0
CUST04517,Occasional,3
CUST04518,Price-Sensitive,4
CUST04519,Occasional,3
CUST04520,High-Value,1
CUST04521,Occasional,3
CUST04522,High-Value,1
CUST04523,High-Value,1
CUST04524,Occasional,3
CUST04525,Occasional,3
CUST04526,Occasional,3
CUST04527,Occasional,3
CUST04528,Loyal,0
CUST04529,Occasional,3
CUST04530,Price-Sensitive,2
CUST04531,Price-Sensitive,4
CUST04532,Price-Sensitive,2
CUST04533,Price-Sensitive,4
CUST04534,Price-Sensitive,2
CUST04535,Occasional,3
CUST04536,Price-Sensitive,4
CUST04537,Occasional,3
CUST04538,Price-Sensitive,4
CUST04539,High-Value,1
CUST04540,Occasional,3
CUST04541,Price-Sensitive,2
CUST04542,Price-Sensitive,2
CUST04543,Price-Sensitive,4
CUST04544,Occasional,3
CUST04545,Occasional,3
CUST04546,High-Value,1
CUST04547,Price-Sensitive,2
CUST04548,Loyal,0
CUST04549,High-Value,1
CUST04550,Loyal,0
CUST04551,High-Value,1
CUST04552,Occasional,3
CUST04553,High-Value,1
CUST04554,Price-Sensitive,4
CUST04555,Occasional,3
CUST04556,Price-Sensitive,2
CUST04557,Occasional,3
CUST04558,High-Value,1
CUST04559,Loyal,0
CUST04560,High-Value,1
CUST04561,Occasional,3
CUST04562,Price-Sensitive,4
CUST04563,Occasional,3
CUST04564,Price-Sensitive,4
CUST04565,Occasional,3
CUST04566,Occasional,3
CUST04567,Occasional,3
CUST04568,Occasional,3
CUST04569,Price-Sensitive,4
CUST04570,Occasional,3
CUST04571,Occasional,3
CUST04572,Price-Sensitive,4
CUST04573,High-Value,1
CUST04574,Price-Sensitive,4
CUST04575,High-Value,1
CUST04576,Occasional,3
CUST04577,Occasional,3
CUST04578,High-Value,1
CUST04579,Price-Sensitive,4
CUST04580,Occasional,3
CUST04581,Price-Sensitive,4
CUST04582,Loyal,0
CUST04583,Price-Sensitive,4
CUST04584,Loyal,0
CUST04585,Loyal,0
CUST04586,Price-Sensitive,4
CUST04587,Price-Sensitive,4
CUST04588,Occasional,3
CUST04589,Occasional,3
CUST04590,High-Value,1
CUST04591,Loyal,0
CUST04592,Occasional,3
CUST04593,Price-Sensitive,4
CUST04594,Loyal,0
CUST04595,Occasional,3
CUST04596,High-Value,1
CUST04597,High-Value,1
CUST04598,High-Value,1
CUST04599,High-Value,1
CUST04600,Occasional,3
CUST04601,Occasional,3
CUST04602,Price-Sensitive,2
CUST04603,High-Value,1
CUST04604,Occasional,3
CUST04605,High-Value,1
CUST04606,Occasional,3
CUST04607,High-Value,1
CUST04608,High-Value,1
CUST04609,Occasional,3
CUST04610,Price-Sensitive,2
CUST04611,High-Value,1
CUST04612,Price-Sensitive,2
CUST04613,Occasional,3
CUST04614,Loyal,0
CUST04615,Price-Sensitive,4
CUST04616,Occasional,3
CUST04617,Occasional,3
CUST04618,Occasional,3
CUST04619,Occasional,3
CUST04620,Price-Sensitive,4
CUST04621,Price-Sensitive,2
CUST04622,Occasional,3
CUST04623,Loyal,0
CUST04624,Occasional,3
CUST04625,Occasional,3
CUST04626,Price-Sensitive,4
CUST04627,Occasional,3
CUST04628,Occasional,3
CUST04629,Price-Sensitive,4
CUST04630,Price-Sensitive,2
CUST04631,Loyal,0
CUST04632,Occasional,3
CUST04633,Occasional,3
CUST04634,High-Value,1
CUST04635,Price-Sensitive,2
CUST04636,Occasional,3
CUST04637,Occasional,3
CUST04638,Price-Sensitive,4
CUST04639,High-Value,1
CUST04640,High-Value,1
CUST04641,High-Value,1
CUST04642,Occasional,3
CUST04643,Loyal,0
CUST04644,High-Value,1
CUST04645,Price-Sensitive,4
CUST04646,Loyal,0
CUST04647,Price-Sensitive,2
CUST04648,High-Value,1
CUST04649,Occasional,3
CUST04650,Price-Sensitive,2
CUST04651,Occasional,3
CUST04652,Occasional,3
CUST04653,Price-Sensitive,4
CUST04654,Loyal,0
CUST04655,High-Value,1
CUST04656,Occasional,3
CUST04657,High-Value,1
CUST04658,Price-Sensitive,2
CUST04659,Occasional,3
CUST04660,Occasional,3
CUST04661,Occasional,3
CUST04662,High-Value,1
CUST04663,High-Value,1
CUST04664,Occasional,3
CUST04665,Loyal,0
CUST04666,Occasional,3
CUST04667,High-Value,1
CUST04668,Price-Sensitive,4
CUST04669,Loyal,0
CUST04670,High-Value,1
CUST04671,High-Value,1
CUST04672,Price-Sensitive,4
CUST04673,Occasional,3
CUST04674,Occasional,3
CUST04675,Occasional,3
CUST04676,High-Value,1
CUST04677,Price-Sensitive,2
CUST04678,Price-Sensitive,4
CUST04679,Loyal,0
CUST04680,High-Value,1
CUST04681,Occasional,3
CUST04682,Loyal,0
CUST04683,Price-Sensitive,2
CUST04684,Occasional,3
CUST04685,Occasional,3
CUST04686,Price-Sensitive,2
CUST04687,Price-Sensitive,2
CUST04688,Price-Sensitive,2
CUST04689,Loyal,0
CUST04690,Occasional,3
CUST04691,Price-Sensitive,4
CUST04692,Loyal,0
CUST04693,Occasional,3
CUST04694,High-Value,1
CUST04695,Occasional,3
CUST04696,Price-Sensitive,4
CUST04697,Occasional,3
CUST04698,Loyal,0
CUST04699,Loyal,0
CUST04700,Occasional,3
CUST04701,Loyal,0
CUST04702,Occasional,3
CUST04703,Price-Sensitive,4
CUST04704,Loyal,0
CUST04705,Occasional,3
CUST04706,High-Value,1
CUST04707,Occasional,3
CUST04708,Occasional,3
CUST04709,High-Value,1
CUST04710,High-Value,1
CUST04711,Price-Sensitive,2
CUST04712,Occasional,3
CUST04713,Occasional,3
CUST04714,Occasional,3
CUST04715,Price-Sensitive,2
CUST04716,High-Value,1
CUST04717,Occasional,3
CUST04718,Occasional,3
CUST04719,Price-Sensitive,4
CUST04720,Occasional,3
CUST04721,Price-Sensitive,2
CUST04722,Price-Sensitive,4
CUST04723,Price-Sensitive,4
CUST04724,Occasional,3
CUST04725,Price-Sensitive,4
CUST04726,High-Value,1
CUST04727,Loyal,0
CUST04728,High-Value,1
CUST04729,High-Value,1
CUST04730,Price-Sensitive,4
CUST04731,High-Value,1
CUST04732,Occasional,3
CUST04733,Price-Sensitive,4
CUST04734,Occasional,3
CUST04735,High-Value,1
CUST04736,Occasional,3
CUST04737,Occasional,3
CUST04738,High-Value,1
CUST04739,Price-Sensitive,2
CUST04740,High-Value,1
CUST04741,Occasional,3
CUST04742,Occasional,3
CUST04743,Price-Sensitive,4
CUST04744,Loyal,0
CUST04745,Occasional,3
CUST04746,Loyal,0
CUST04747,Occasional,3
CUST04748,Occasional,3
CUST04749,Occasional,3
CUST04750,Occasional,3
CUST04751,Price-Sensitive,4
CUST04752,High-Value,1
CUST04753,Occasional,3
CUST04754,Occasional,3
CUST04755,Loyal,0
CUST04756,Price-Sensitive,4
CUST04757,High-Value,1
CUST04758,High-Value,1
CUST04759,Price-Sensitive,4
CUST04760,Occasional,3
CUST04761,Occasional,3
CUST04762,High-Value,1
CUST04763,Price-Sensitive,4
CUST04764,Loyal,0
CUST04765,Occasional,3
CUST04766,Occasional,3
CUST04767,Price-Sensitive,2
CUST04768,Occasional,3
CUST04769,Price-Sensitive,4
CUST04770,Price-Sensitive,4
CUST04771,Occasional,3
CUST04772,Price-Sensitive,4
CUST04773,Loyal,0
CUST04774,Occasional,3
CUST04775,Price-Sensitive,4
CUST04776,Occasional,3
CUST04777,Occasional,3
CUST04778,Occasional,3
CUST04779,High-Value,1
CUST04780,High-Value,1
CUST04781,Occasional,3
CUST04782,High-Value,1
CUST04783,Loyal,0
CUST04784,High-Value,1
CUST04785,Price-Sensitive,2
CUST04786,Occasional,3
CUST04787,Price-Sensitive,4
CUST04788,Price-Sensitive,2
CUST04789,Price-Sensitive,2
CUST04790,Occasional,3
CUST04791,Price-Sensitive,4
CUST04792,Occasional,3
CUST04793,High-Value,1
CUST04794,Occasional,3
CUST04795,Occasional,3
CUST04796,Occasional,3
CUST04797,Price-Sensitive,4
CUST04798,Occasional,3
CUST04799,Price-Sensitive,4
CUST04800,High-Value,1
CUST04801,Occasional,3
CUST04802,Price-Sensitive,2
CUST04803,Price-Sensitive,4
CUST04804,High-Value,1
CUST04805,Loyal,0
CUST04806,Price-Sensitive,2
CUST04807,High-Value,1
CUST04808,Occasional,3
CUST04809,Occasional,3
CUST04810,Occasional,3
CUST04811,Price-Sensitive,4
CUST04812,High-Value,1
CUST04813,Price-Sensitive,4
CUST04814,Price-Sensitive,2
CUST04815,Occasional,3
CUST04816,Occasional,3
CUST04817,Occasional,3
CUST04818,Price-Sensitive,4
CUST04819,Occasional,3
CUST04820,High-Value,1
CUST04821,High-Value,1
CUST04822,Occasional,3
CUST04823,Occasional,3
CUST04824,High-Value,1
CUST04825,Loyal,0
CUST04826,Loyal,0
CUST04827,High-Value,1
CUST04828,High-Value,1
CUST04829,Price-Sensitive,4
CUST04830,Price-Sensitive,2
CUST04831,Price-Sensitive,4
CUST04832,High-Value,1
CUST04833,High-Value,1
CUST04834,Price-Sensitive,4
CUST04835,High-Value,1
CUST04836,Occasional,3
CUST04837,Occasional,3
CUST04838,Occasional,3
CUST04839,Price-Sensitive,2
CUST04840,Price-Sensitive,4
CUST04841,Occasional,3
CUST04842,Occasional,3
CUST04843,Occasional,3
CUST04844,Loyal,0
CUST04845,Loyal,0
CUST04846,Price-Sensitive,2
CUST04847,Occasional,3
CUST04848,Occasional,3
CUST04849,High-Value,1
CUST04850,High-Value,1
CUST04851,Price-Sensitive,4
CUST04852,Loyal,0
CUST04853,Price-Sensitive,4
CUST04854,Price-Sensitive,4
CUST04855,Price-Sensitive,4
CUST04856,Loyal,0
CUST04857,Occasional,3
CUST04858,Price-Sensitive,2
CUST04859,Loyal,0
CUST04860,Price-Sensitive,4
CUST04861,High-Value,1
CUST04862,Occasional,3
CUST04863,Occasional,3
CUST04864,Occasional,3
CUST04865,Occasional,3
CUST04866,Price-Sensitive,2
CUST04867,Occasional,3
CUST04868,Price-Sensitive,2
CUST04869,High-Value,1
CUST04870,Loyal,0
CUST04871,High-Value,1
CUST04872,Occasional,3
CUST04873,Occasional,3
CUST04874,Price-Sensitive,2
CUST04875,Occasional,3
CUST04876,Occasional,3
CUST04877,Loyal,0
CUST04878,Occasional,3
CUST04879,Price-Sensitive,4
CUST04880,Occasional,3
CUST04881,Price-Sensitive,4
CUST04882,Loyal,0
CUST04883,Price-Sensitive,2
CUST04884,Occasional,3
CUST04885,Occasional,3
CUST04886,Loyal,0
CUST04887,High-Value,1
CUST04888,Occasional,3
CUST04889,Loyal,0
CUST04890,Occasional,3
CUST04891,High-Value,1
CUST04892,Occasional,3
CUST04893,Price-Sensitive,4
CUST04894,Occasional,3
CUST04895,Occasional,3
CUST04896,High-Value,1
CUST04897,Price-Sensitive,2
CUST04898,High-Value,1
CUST04899,Price-Sensitive,4
CUST04900,High-Value,1
CUST04901,Loyal,0
CUST04902,Loyal,0
CUST04903,High-Value,1
CUST04904,Loyal,0
CUST04905,Occasional,3
CUST04906,High-Value,1
CUST04907,High-Value,1
CUST04908,Occasional,3
CUST04909,Occasional,3
CUST04910,High-Value,1
CUST04911,Occasional,3
CUST04912,High-Value,1
CUST04913,Occasional,3
CUST04914,Occasional,3
CUST04915,Occasional,3
CUST04916,High-Value,1
CUST04917,Price-Sensitive,4
CUST04918,Occasional,3
CUST04919,Price-Sensitive,2
CUST04920,Occasional,3
CUST04921,Occasional,3
CUST04922,Occasional,3
CUST04923,Price-Sensitive,4
CUST04924,Occasional,3
CUST04925,Price-Sensitive,4
CUST04926,High-Value,1
CUST04927,Occasional,3
CUST04928,Occasional,3
CUST04929,Occasional,3
CUST04930,Price-Sensitive,2
CUST04931,Loyal,0
CUST04932,Price-Sensitive,4
CUST04933,Occasional,3
CUST04934,High-Value,1
CUST04935,Occasional,3
CUST04936,Occasional,3
CUST04937,Occasional,3
CUST04938,Occasional,3
CUST04939,High-Value,1
CUST04940,High-Value,1
CUST04941,Occasional,3
CUST04942,Occasional,3
CUST04943,High-Value,1
CUST04944,Price-Sensitive,4
CUST04945,High-Value,1
CUST04946,Occasional,3
CUST04947,Occasional,3
CUST04948,High-Value,1
CUST04949,Occasional,3
CUST04950,High-Value,1
CUST04951,Occasional,3
CUST04952,High-Value,1
CUST04953,Occasional,3
CUST04954,Price-Sensitive,4
CUST04955,Price-Sensitive,2
CUST04956,Loyal,0
CUST04957,Price-Sensitive,2
CUST04958,Price-Sensitive,2
CUST04959,Occasional,3
CUST04960,High-Value,1
CUST04961,Occasional,3
CUST04962,Loyal,0
CUST04963,Price-Sensitive,2
CUST04964,High-Value,1
CUST04965,Occasional,3
CUST04966,High-Value,1
CUST04967,Occasional,3
CUST04968,Price-Sensitive,4
CUST04969,Price-Sensitive,4
CUST04970,Price-Sensitive,2
CUST04971,High-Value,1
CUST04972,High-Value,1
CUST04973,High-Value,1
CUST04974,Occasional,3
CUST04975,High-Value,1
CUST04976,High-Value,1
CUST04977,Occasional,3
CUST04978,Price-Sensitive,4
CUST04979,Price-Sensitive,2
CUST04980,Occasional,3
CUST04981,Price-Sensitive,2
CUST04982,High-Value,1
CUST04983,Occasional,3
CUST04984,Occasional,3
CUST04985,Occasional,3
CUST04986,Price-Sensitive,4
CUST04987,High-Value,1
CUST04988,Price-Sensitive,4
CUST04989,Occasional,3
CUST04990,High-Value,1
CUST04991,High-Value,1
CUST04992,Loyal,0
CUST04993,Occasional,3
CUST04994,Price-Sensitive,4
CUST04995,Occasional,3
CUST04996,Occasional,3
CUST04997,Price-Sensitive,4
CUST04998,Price-Sensitive,2
CUST04999,High-Value,1
CUST05000,High-Value,1
CUST05001,Occasional,3
CUST05002,Price-Sensitive,4
CUST05003,Price-Sensitive,4
CUST05004,Price-Sensitive,4
CUST05005,Price-Sensitive,4
CUST05006,Occasional,3
CUST05007,High-Value,1
CUST05008,Price-Sensitive,4
CUST05009,Price-Sensitive,2
CUST05010,Loyal,0
CUST05011,Occasional,3
CUST05012,Occasional,3
CUST05013,Occasional,3
CUST05014,Loyal,0
CUST05015,Occasional,3
CUST05016,Occasional,3
CUST05017,Occasional,3
CUST05018,Occasional,3
CUST05019,Loyal,0
CUST05020,Occasional,3
CUST05021,Price-Sensitive,2
CUST05022,Occasional,3
CUST05023,Loyal,0
CUST05024,Occasional,3
CUST05025,Loyal,0
CUST05026,Occasional,3
CUST05027,Occasional,3
CUST05028,Loyal,0
CUST05029,Price-Sensitive,2
CUST05030,Occasional,3
CUST05031,Loyal,0
CUST05032,Occasional,3
CUST05033,Occasional,3
CUST05034,Occasional,3
CUST05035,Occasional,3
CUST05036,Price-Sensitive,2
CUST05037,Occasional,3
CUST05038,Occasional,3
CUST05039,High-Value,1
CUST05040,High-Value,1
CUST05041,High-Value,1
CUST05042,Occasional,3
CUST05043,Occasional,3
CUST05044,Occasional,3
CUST05045,Loyal,0
CUST05046,Occasional,3
CUST05047,Occasional,3
CUST05048,Occasional,3
CUST05049,High-Value,1
CUST05050,Occasional,3
CUST05051,Occasional,3
CUST05052,Price-Sensitive,2
CUST05053,Occasional,3
CUST05054,Occasional,3
CUST05055,Loyal,0
CUST05056,Occasional,3
CUST05057,Occasional,3
CUST05058,High-Value,1
CUST05059,Price-Sensitive,4
CUST05060,Occasional,3
CUST05061,Occasional,3
CUST05062,Occasional,3
CUST05063,High-Value,1
CUST05064,Price-Sensitive,4
CUST05065,Price-Sensitive,4
CUST05066,High-Value,1
CUST05067,Loyal,0
CUST05068,Price-Sensitive,4
CUST05069,Occasional,3
CUST05070,Price-Sensitive,2
CUST05071,High-Value,1
CUST05072,Occasional,3
CUST05073,High-Value,1
CUST05074,High-Value,1
CUST05075,Loyal,0
CUST05076,Occasional,3
CUST05077,Price-Sensitive,4
CUST05078,Occasional,3
CUST05079,Price-Sensitive,4
CUST05080,Occasional,3
CUST05081,Occasional,3
CUST05082,High-Value,1
CUST05083,High-Value,1
CUST05084,Occasional,3
CUST05085,Price-Sensitive,4
CUST05086,Occasional,3
CUST05087,Occasional,3
CUST05088,Loyal,0
CUST05089,Loyal,0
CUST05090,Loyal,0
CUST05091,Price-Sensitive,2
CUST05092,High-Value,1
CUST05093,Loyal,0
CUST05094,High-Value,1
CUST05095,Loyal,0
CUST05096,Price-Sensitive,4
CUST05097,Occasional,3
CUST05098,Occasional,3
CUST05099,Price-Sensitive,4
CUST05100,Occasional,3
CUST05101,Loyal,0
CUST05102,Price-Sensitive,4
CUST05103,Occasional,3
CUST05104,High-Value,1
CUST05105,Price-Sensitive,4
CUST05106,High-Value,1
CUST05107,Occasional,3
CUST05108,Price-Sensitive,4
CUST05109,High-Value,1
CUST05110,Occasional,3
CUST05111,Price-Sensitive,2
CUST05112,Occasional,3
CUST05113,Loyal,0
CUST05114,Occasional,3
CUST05115,Price-Sensitive,2
CUST05116,Price-Sensitive,4
CUST05117,Loyal,0
CUST05118,Price-Sensitive,4
CUST05119,Price-Sensitive,4
CUST05120,High-Value,1
CUST05121,Price-Sensitive,2
CUST05122,Occasional,3
CUST05123,Occasional,3
CUST05124,Price-Sensitive,4
CUST05125,Price-Sensitive,4
CUST05126,High-Value,1
CUST05127,High-Value,1
CUST05128,Occasional,3
CUST05129,Occasional,3
CUST05130,High-Value,1
CUST05131,Occasional,3
CUST05132,Occasional,3
CUST05133,High-Value,1
CUST05134,Loyal,0
CUST05135,Loyal,0
CUST05136,Occasional,3
CUST05137,High-Value,1
CUST05138,Loyal,0
CUST05139,High-Value,1
CUST05140,Price-Sensitive,4
CUST05141,Loyal,0
CUST05142,Occasional,3
CUST05143,Loyal,0
CUST05144,High-Value,1
CUST05145,High-Value,1
CUST05146,Occasional,3
CUST05147,Price-Sensitive,4
CUST05148,Occasional,3
CUST05149,Occasional,3
CUST05150,High-Value,1
CUST05151,Loyal,0
CUST05152,Occasional,3
CUST05153,Occasional,3
CUST05154,Loyal,0
CUST05155,High-Value,1
CUST05156,Price-Sensitive,2
CUST05157,Loyal,0
CUST05158,Occasional,3
CUST05159,Occasional,3
CUST05160,High-Value,1
CUST05161,High-Value,1
CUST05162,High-Value,1
CUST05163,Price-Sensitive,4
CUST05164,Occasional,3
CUST05165,High-Value,1
CUST05166,Price-Sensitive,2
CUST05167,High-Value,1
CUST05168,Price-Sensitive,2
CUST05169,High-Value,1
CUST05170,Occasional,3
CUST05171,High-Value,1
CUST05172,High-Value,1
CUST05173,High-Value,1
CUST05174,Loyal,0
CUST05175,Price-Sensitive,4
CUST05176,High-Value,1
CUST05177,Occasional,3
CUST05178,Price-Sensitive,2
CUST05179,Occasional,3
CUST05180,Occasional,3
CUST05181,Occasional,3
CUST05182,High-Value,1
CUST05183,Occasional,3
CUST05184,High-Value,1
CUST05185,Price-Sensitive,2
CUST05186,High-Value,1
CUST05187,High-Value,1
CUST05188,Occasional,3
CUST05189,Loyal,0
CUST05190,Occasional,3
CUST05191,Occasional,3
CUST05192,Occasional,3
CUST05193,Occasional,3
CUST05194,High-Value,1
CUST05195,Price-Sensitive,2
CUST05196,Loyal,0
CUST05197,High-Value,1
CUST05198,Occasional,3
CUST05199,High-Value,1
CUST05200,Price-Sensitive,4
CUST05201,Price-Sensitive,4
CUST05202,Price-Sensitive,4
CUST05203,Occasional,3
CUST05204,High-Value,1
CUST05205,Price-Sensitive,4
CUST05206,Occasional,3
CUST05207,Price-Sensitive,2
CUST05208,Occasional,3
CUST05209,Price-Sensitive,4
CUST05210,Price-Sensitive,2
CUST05211,High-Value,1
CUST05212,Occasional,3
CUST05213,High-Value,1
CUST05214,High-Value,1
CUST05215,Loyal,0
CUST05216,High-Value,1
CUST05217,Loyal,0
CUST05218,Price-Sensitive,4
CUST05219,Occasional,3
CUST05220,Occasional,3
CUST05221,Loyal,0
CUST05222,Occasional,3
CUST05223,Occasional,3
CUST05224,Price-Sensitive,4
CUST05225,High-Value,1
CUST05226,Loyal,0
CUST05227,Occasional,3
CUST05228,High-Value,1
CUST05229,High-Value,1
CUST05230,Price-Sensitive,4
CUST05231,Price-Sensitive,2
CUST05232,Occasional,3
CUST05233,Occasional,3
CUST05234,Occasional,3
CUST05235,Occasional,3
CUST05236,Occasional,3
CUST05237,Price-Sensitive,2
CUST05238,Loyal,0
CUST05239,Loyal,0
CUST05240,Price-Sensitive,2
CUST05241,Price-Sensitive,2
CUST05242,Occasional,3
CUST05243,Price-Sensitive,4
CUST05244,Price-Sensitive,4
CUST05245,High-Value,1
CUST05246,Occasional,3
CUST05247,High-Value,1
CUST05248,Price-Sensitive,4
CUST05249,Loyal,0
CUST05250,Price-Sensitive,4
CUST05251,Loyal,0
CUST05252,Occasional,3
CUST05253,High-Value,1
CUST05254,Occasional,3
CUST05255,Loyal,0
CUST05256,Occasional,3
CUST05257,High-Value,1
CUST05258,High-Value,1
CUST05259,Loyal,0
CUST05260,Price-Sensitive,4
CUST05261,High-Value,1
CUST05262,High-Value,1
CUST05263,High-Value,1
CUST05264,High-Value,1
CUST05265,Occasional,3
CUST05266,Price-Sensitive,2
CUST05267,Price-Sensitive,4
CUST05268,Occasional,3
CUST05269,Price-Sensitive,4
CUST05270,Price-Sensitive,2
CUST05271,Occasional,3
CUST05272,Price-Sensitive,4
CUST05273,High-Value,1
CUST05274,Occasional,3
CUST05275,Price-Sensitive,2
CUST05276,Occasional,3
CUST05277,High-Value,1
CUST05278,Occasional,3
CUST05279,High-Value,1
CUST05280,High-Value,1
CUST05281,High-Value,1
CUST05282,Occasional,3
CUST05283,Loyal,0
CUST05284,Loyal,0
CUST05285,Price-Sensitive,2
CUST05286,Price-Sensitive,4
CUST05287,Loyal,0
CUST05288,Occasional,3
CUST05289,Loyal,0
CUST05290,High-Value,1
CUST05291,Loyal,0
CUST05292,Occasional,3
CUST05293,Price-Sensitive,2
CUST05294,Loyal,0
CUST05295,Price-Sensitive,2
CUST05296,High-Value,1
CUST05297,Price-Sensitive,4
CUST05298,Occasional,3
CUST05299,Price-Sensitive,2
CUST05300,Occasional,3
CUST05301,Occasional,3
CUST05302,Loyal,0
CUST05303,Occasional,3
CUST05304,Occasional,3
CUST05305,Occasional,3
CUST05306,Price-Sensitive,4
CUST05307,Occasional,3
CUST05308,Occasional,3
CUST05309,High-Value,1
CUST05310,High-Value,1
CUST05311,High-Value,1
CUST05312,High-Value,1
CUST05313,Price-Sensitive,4
CUST05314,Occasional,3
CUST05315,High-Value,1
CUST05316,Price-Sensitive,2
CUST05317,High-Value,1
CUST05318,Occasional,3
CUST05319,High-Value,1
CUST05320,Price-Sensitive,4
CUST05321,Occasional,3
CUST05322,Price-Sensitive,4
CUST05323,Price-Sensitive,4
CUST05324,Loyal,0
CUST05325,Occasional,3
CUST05326,Occasional,3
CUST05327,High-Value,1
CUST05328,Price-Sensitive,2
CUST05329,Loyal,0
CUST05330,Occasional,3
CUST05331,Occasional,3
CUST05332,Occasional,3
CUST05333,High-Value,1
CUST05334,High-Value,1
CUST05335,Occasional,3
CUST05336,Occasional,3
CUST05337,Loyal,0
CUST05338,Occasional,3
CUST05339,Price-Sensitive,2
CUST05340,Price-Sensitive,2
CUST05341,Occasional,3
CUST05342,High-Value,1
CUST05343,Price-Sensitive,2
CUST05344,Loyal,0
CUST05345,High-Value,1
CUST05346,Price-Sensitive,2
CUST05347,Occasional,3
CUST05348,Occasional,3
CUST05349,Price-Sensitive,2
CUST05350,Price-Sensitive,4
CUST05351,Occasional,3
CUST05352,Loyal,0
CUST05353,Price-Sensitive,2
CUST05354,Occasional,3
CUST05355,Price-Sensitive,2
CUST05356,Occasional,3
CUST05357,Occasional,3
CUST05358,High-Value,1
CUST05359,High-Value,1
CUST05360,Price-Sensitive,4
CUST05361,Price-Sensitive,2
CUST05362,Occasional,3
CUST05363,Occasional,3
CUST05364,Occasional,3
CUST05365,Price-Sensitive,2
CUST05366,High-Value,1
CUST05367,Occasional,3
CUST05368,Occasional,3
CUST05369,Price-Sensitive,4
CUST05370,Occasional,3
CUST05371,High-Value,1
CUST05372,High-Value,1
CUST05373,Occasional,3
CUST05374,Occasional,3
CUST05375,Occasional,3
CUST05376,Price-Sensitive,4
CUST05377,Occasional,3
CUST05378,Price-Sensitive,2
CUST05379,Loyal,0
CUST05380,High-Value,1
CUST05381,Occasional,3
CUST05382,High-Value,1
CUST05383,High-Value,1
CUST05384,Occasional,3
CUST05385,Price-Sensitive,4
CUST05386,Occasional,3
CUST05387,Occasional,3
CUST05388,Loyal,0
CUST05389,Price-Sensitive,2
CUST05390,Price-Sensitive,4
CUST05391,Loyal,0
CUST05392,Loyal,0
CUST05393,Occasional,3
CUST05394,Price-Sensitive,4
CUST05395,Occasional,3
CUST05396,Occasional,3
CUST05397,Occasional,3
CUST05398,Price-Sensitive,2
CUST05399,Occasional,3
CUST05400,Occasional,3
CUST05401,Loyal,0
CUST05402,High-Value,1
CUST05403,Loyal,0
CUST05404,High-Value,1
CUST05405,Price-Sensitive,4
CUST05406,Price-Sensitive,2
CUST05407,Loyal,0
CUST05408,Occasional,3
CUST05409,Loyal,0
CUST05410,Price-Sensitive,4
CUST05411,Price-Sensitive,2
CUST05412,Loyal,0
CUST05413,Occasional,3
CUST05414,Price-Sensitive,2
CUST05415,High-Value,1
CUST05416,Occasional,3
CUST05417,High-Value,1
CUST05418,Loyal,0
CUST05419,Occasional,3
CUST05420,High-Value,1
CUST05421,Occasional,3
CUST05422,Price-Sensitive,4
CUST05423,Occasional,3
CUST05424,High-Value,1
CUST05425,High-Value,1
CUST05426,High-Value,1
CUST05427,Price-Sensitive,4
CUST05428,Occasional,3
CUST05429,Loyal,0
CUST05430,Occasional,3
CUST05431,Occasional,3
CUST05432,Price-Sensitive,2
CUST05433,Price-Sensitive,4
CUST05434,Price-Sensitive,4
CUST05435,Price-Sensitive,2
CUST05436,Occasional,3
CUST05437,Occasional,3
CUST05438,Occasional,3
CUST05439,Price-Sensitive,2
CUST05440,Price-Sensitive,4
CUST05441,High-Value,1
CUST05442,Occasional,3
CUST05443,High-Value,1
CUST05444,High-Value,1
CUST05445,Occasional,3
CUST05446,Occasional,3
CUST05447,Loyal,0
CUST05448,Occasional,3
CUST05449,Price-Sensitive,4
CUST05450,High-Value,1
CUST05451,Occasional,3
CUST05452,Occasional,3
CUST05453,Occasional,3
CUST05454,High-Value,1
CUST05455,Price-Sensitive,4
CUST05456,Price-Sensitive,4
CUST05457,High-Value,1
CUST05458,Price-Sensitive,2
CUST05459,Occasional,3
CUST05460,Occasional,3
CUST05461,Price-Sensitive,2
CUST05462,High-Value,1
CUST05463,High-Value,1
CUST05464,Occasional,3
CUST05465,High-Value,1
CUST05466,Price-Sensitive,4
CUST05467,Occasional,3
CUST05468,Occasional,3
CUST05469,Price-Sensitive,4
CUST05470,Price-Sensitive,2
CUST05471,Occasional,3
CUST05472,Occasional,3
CUST05473,Price-Sensitive,4
CUST05474,Occasional,3
CUST05475,Loyal,0
CUST05476,Occasional,3
CUST05477,Price-Sensitive,4
CUST05478,Price-Sensitive,4
CUST05479,Price-Sensitive,2
CUST05480,Occasional,3
CUST05481,Occasional,3
CUST05482,High-Value,1
CUST05483,Price-Sensitive,4
CUST05484,Price-Sensitive,4
CUST05485,Price-Sensitive,4
CUST05486,Occasional,3
CUST05487,Occasional,3
CUST05488,High-Value,1
CUST05489,Occasional,3
CUST05490,Occasional,3
CUST05491,Loyal,0
CUST05492,Occasional,3
CUST05493,Price-Sensitive,2
CUST05494,Occasional,3
CUST05495,Loyal,0
CUST05496,Price-Sensitive,2
CUST05497,Price-Sensitive,2
CUST05498,High-Value,1
CUST05499,Price-Sensitive,2
CUST05500,Occasional,3
CUST05501,Occasional,3
CUST05502,High-Value,1
CUST05503,Occasional,3
CUST05504,Occasional,3
CUST05505,Occasional,3
CUST05506,Occasional,3
CUST05507,Loyal,0
CUST05508,Occasional,3
CUST05509,Occasional,3
CUST05510,Occasional,3
CUST05511,Occasional,3
CUST05512,Occasional,3
CUST05513,Occasional,3
CUST05514,Price-Sensitive,2
CUST05515,Occasional,3
CUST05516,Price-Sensitive,2
CUST05517,Occasional,3
CUST05518,Occasional,3
CUST05519,High-Value,1
CUST05520,Loyal,0
CUST05521,Occasional,3
CUST05522,Price-Sensitive,4
CUST05523,Occasional,3
CUST05524,Price-Sensitive,2
CUST05525,Occasional,3
CUST05526,Price-Sensitive,4
CUST05527,Occasional,3
CUST05528,Price-Sensitive,2
CUST05529,Occasional,3
CUST05530,Price-Sensitive,4
CUST05531,Loyal,0
CUST05532,Occasional,3
CUST05533,Price-Sensitive,2
CUST05534,Loyal,0
CUST05535,Price-Sensitive,2
CUST05536,Price-Sensitive,4
CUST05537,High-Value,1
CUST05538,High-Value,1
CUST05539,Occasional,3
CUST05540,Price-Sensitive,4
CUST05541,Price-Sensitive,4
CUST05542,Occasional,3
CUST05543,Occasional,3
CUST05544,High-Value,1
CUST05545,Occasional,3
CUST05546,Occasional,3
CUST05547,High-Value,1
CUST05548,Occasional,3
CUST05549,Price-Sensitive,2
CUST05550,Occasional,3
CUST05551,High-Value,1
CUST05552,High-Value,1
CUST05553,Price-Sensitive,2
CUST05554,Occasional,3
CUST05555,High-Value,1
CUST05556,High-Value,1
CUST05557,High-Value,1
CUST05558,Loyal,0
CUST05559,High-Value,1
CUST05560,Price-Sensitive,4
CUST05561,Occasional,3
CUST05562,Occasional,3
CUST05563,Occasional,3
CUST05564,Loyal,0
CUST05565,Occasional,3
CUST05566,High-Value,1
CUST05567,Occasional,3
CUST05568,Price-Sensitive,2
CUST05569,High-Value,1
CUST05570,Occasional,3
CUST05571,Occasional,3
CUST05572,Price-Sensitive,4
CUST05573,Loyal,0
CUST05574,Price-Sensitive,2
CUST05575,High-Value,1
CUST05576,Price-Sensitive,2
CUST05577,Occasional,3
CUST05578,Occasional,3
CUST05579,Price-Sensitive,2
CUST05580,Price-Sensitive,4
CUST05581,Price-Sensitive,2
CUST05582,Price-Sensitive,2
CUST05583,High-Value,1
CUST05584,High-Value,1
CUST05585,Occasional,3
CUST05586,Loyal,0
CUST05587,High-Value,1
CUST05588,Occasional,3
CUST05589,Price-Sensitive,4
CUST05590,High-Value,1
CUST05591,High-Value,1
CUST05592,Occasional,3
CUST05593,High-Value,1
CUST05594,Occasional,3
CUST05595,Price-Sensitive,4
CUST05596,Occasional,3
CUST05597,Price-Sensitive,2
CUST05598,Price-Sensitive,4
CUST05599,Occasional,3
CUST05600,Loyal,0
CUST05601,Price-Sensitive,2
CUST05602,Price-Sensitive,4
CUST05603,Occasional,3
CUST05604,Price-Sensitive,2
CUST05605,Occasional,3
CUST05606,Loyal,0
CUST05607,Occasional,3
CUST05608,Price-Sensitive,4
CUST05609,High-Value,1
CUST05610,Occasional,3
CUST05611,Occasional,3
CUST05612,Occasional,3
CUST05613,Occasional,3
CUST05614,Loyal,0
CUST05615,Occasional,3
CUST05616,Price-Sensitive,4
CUST05617,Price-Sensitive,4
CUST05618,High-Value,1
CUST05619,Occasional,3
CUST05620,Occasional,3
CUST05621,Occasional,3
CUST05622,Price-Sensitive,2
CUST05623,Occasional,3
CUST05624,Price-Sensitive,4
CUST05625,High-Value,1
CUST05626,Occasional,3
CUST05627,Occasional,3
CUST05628,Occasional,3
CUST05629,High-Value,1
CUST05630,Loyal,0
CUST05631,High-Value,1
CUST05632,Price-Sensitive,4
CUST05633,Loyal,0
CUST05634,Occasional,3
CUST05635,Loyal,0
CUST05636,Occasional,3
CUST05637,Price-Sensitive,4
CUST05638,Occasional,3
CUST05639,Occasional,3
CUST05640,Price-Sensitive,4
CUST05641,Occasional,3
CUST05642,High-Value,1
CUST05643,Loyal,0
CUST05644,Occasional,3
CUST05645,Occasional,3
CUST05646,Occasional,3
CUST05647,High-Value,1
CUST05648,Price-Sensitive,2
CUST05649,Occasional,3
CUST05650,Loyal,0
CUST05651,Price-Sensitive,4
CUST05652,Price-Sensitive,4
CUST05653,Occasional,3
CUST05654,Occasional,3
CUST05655,Loyal,0
CUST05656,Price-Sensitive,4
CUST05657,Occasional,3
CUST05658,Price-Sensitive,4
CUST05659,Occasional,3
CUST05660,High-Value,1
CUST05661,High-Value,1
CUST05662,Price-Sensitive,4
CUST05663,Occasional,3
CUST05664,Price-Sensitive,2
CUST05665,Occasional,3
CUST05666,Occasional,3
CUST05667,Price-Sensitive,4
CUST05668,High-Value,1
CUST05669,Price-Sensitive,4
CUST05670,Occasional,3
CUST05671,Loyal,0
CUST05672,High-Value,1
CUST05673,High-Value,1
CUST05674,Occasional,3
CUST05675,High-Value,1
CUST05676,Occasional,3
CUST05677,Occasional,3
CUST05678,High-Value,1
CUST05679,Price-Sensitive,4
CUST05680,Price-Sensitive,4
CUST05681,Price-Sensitive,2
CUST05682,Occasional,3
CUST05683,High-Value,1
CUST05684,High-Value,1
CUST05685,Occasional,3
CUST05686,Price-Sensitive,2
CUST05687,Occasional,3
CUST05688,Loyal,0
CUST05689,Occasional,3
CUST05690,Occasional,3
CUST05691,Loyal,0
CUST05692,High-Value,1
CUST05693,Price-Sensitive,2
CUST05694,Price-Sensitive,2
CUST05695,Price-Sensitive,4
CUST05696,Price-Sensitive,2
CUST05697,Price-Sensitive,2
CUST05698,Occasional,3
CUST05699,Occasional,3
CUST05700,Loyal,0
CUST05701,Price-Sensitive,2
CUST05702,Occasional,3
CUST05703,Price-Sensitive,4
CUST05704,Occasional,3
CUST05705,Loyal,0
CUST05706,High-Value,1
CUST05707,High-Value,1
CUST05708,Price-Sensitive,4
CUST05709,High-Value,1
CUST05710,Occasional,3
CUST05711,Price-Sensitive,2
CUST05712,Occasional,3
CUST05713,Occasional,3
CUST05714,Occasional,3
CUST05715,High-Value,1
CUST05716,Occasional,3
CUST05717,Occasional,3
CUST05718,Price-Sensitive,2
CUST05719,High-Value,1
CUST05720,High-Value,1
CUST05721,High-Value,1
CUST05722,Occasional,3
CUST05723,Occasional,3
CUST05724,High-Value,1
CUST05725,Occasional,3
CUST05726,Loyal,0
CUST05727,Occasional,3
CUST05728,Occasional,3
CUST05729,High-Value,1
CUST05730,High-Value,1
CUST05731,Occasional,3
CUST05732,Occasional,3
CUST05733,Occasional,3
CUST05734,Occasional,3
CUST05735,High-Value,1
CUST05736,Occasional,3
CUST05737,Occasional,3
CUST05738,Occasional,3
CUST05739,Price-Sensitive,4
CUST05740,Occasional,3
CUST05741,High-Value,1
CUST05742,Price-Sensitive,2
CUST05743,High-Value,1
CUST05744,Price-Sensitive,4
CUST05745,Occasional,3
CUST05746,High-Value,1
CUST05747,High-Value,1
CUST05748,Loyal,0
CUST05749,Occasional,3
CUST05750,Occasional,3
CUST05751,High-Value,1
CUST05752,Price-Sensitive,4
CUST05753,High-Value,1
CUST05754,Price-Sensitive,4
CUST05755,Loyal,0
CUST05756,Occasional,3
CUST05757,Price-Sensitive,2
CUST05758,High-Value,1
CUST05759,Loyal,0
CUST05760,Price-Sensitive,4
CUST05761,Occasional,3
CUST05762,Occasional,3
CUST05763,Price-Sensitive,2
CUST05764,Occasional,3
CUST05765,Occasional,3
CUST05766,Occasional,3
CUST05767,High-Value,1
CUST05768,Occasional,3
CUST05769,Occasional,3
CUST05770,Price-Sensitive,2
CUST05771,Price-Sensitive,4
CUST05772,Occasional,3
CUST05773,Occasional,3
CUST05774,Price-Sensitive,4
CUST05775,High-Value,1
CUST05776,Price-Sensitive,4
CUST05777,Loyal,0
CUST05778,High-Value,1
CUST05779,Occasional,3
CUST05780,Occasional,3
CUST05781,Price-Sensitive,4
CUST05782,Occasional,3
CUST05783,Loyal,0
CUST05784,High-Value,1
CUST05785,High-Value,1
CUST05786,Price-Sensitive,2
CUST05787,Occasional,3
CUST05788,High-Value,1
CUST05789,Occasional,3
CUST05790,Occasional,3
CUST05791,Price-Sensitive,2
CUST05792,Occasional,3
CUST05793,Occasional,3
CUST05794,Occasional,3
CUST05795,Occasional,3
CUST05796,Price-Sensitive,2
CUST05797,Occasional,3
CUST05798,Loyal,0
CUST05799,High-Value,1
CUST05800,Loyal,0
CUST05801,Occasional,3
CUST05802,Occasional,3
CUST05803,Occasional,3
CUST05804,Price-Sensitive,4
CUST05805,High-Value,1
CUST05806,Occasional,3
CUST05807,High-Value,1
CUST05808,Occasional,3
CUST05809,Price-Sensitive,4
CUST05810,Occasional,3
CUST05811,Occasional,3
CUST05812,Occasional,3
CUST05813,High-Value,1
CUST05814,Occasional,3
CUST05815,Loyal,0
CUST05816,Price-Sensitive,4
CUST05817,Occasional,3
CUST05818,High-Value,1
CUST05819,Occasional,3
CUST05820,Occasional,3
CUST05821,Loyal,0
CUST05822,Occasional,3
CUST05823,High-Value,1
CUST05824,Price-Sensitive,4
CUST05825,Loyal,0
CUST05826,High-Value,1
CUST05827,Loyal,0
CUST05828,Price-Sensitive,4
CUST05829,Occasional,3
CUST05830,High-Value,1
CUST05831,High-Value,1
CUST05832,Occasional,3
CUST05833,High-Value,1
CUST05834,High-Value,1
CUST05835,Occasional,3
CUST05836,Price-Sensitive,2
CUST05837,Occasional,3
CUST05838,Loyal,0
CUST05839,Occasional,3
CUST05840,Occasional,3
CUST05841,Occasional,3
CUST05842,Loyal,0
CUST05843,High-Value,1
CUST05844,Price-Sensitive,2
CUST05845,Occasional,3
CUST05846,Price-Sensitive,2
CUST05847,Price-Sensitive,2
CUST05848,Occasional,3
CUST05849,Occasional,3
CUST05850,High-Value,1
CUST05851,Price-Sensitive,4
CUST05852,Occasional,3
CUST05853,Occasional,3
CUST05854,High-Value,1
CUST05855,Price-Sensitive,4
CUST05856,Occasional,3
CUST05857,High-Value,1
CUST05858,Occasional,3
CUST05859,High-Value,1
CUST05860,Occasional,3
CUST05861,Price-Sensitive,4
CUST05862,High-Value,1
CUST05863,Price-Sensitive,4
CUST05864,High-Value,1
CUST05865,High-Value,1
CUST05866,Occasional,3
CUST05867,High-Value,1
CUST05868,Occasional,3
CUST05869,Loyal,0
CUST05870,Loyal,0
CUST05871,Occasional,3
CUST05872,High-Value,1
CUST05873,Occasional,3
CUST05874,Loyal,0
CUST05875,High-Value,1
CUST05876,Occasional,3
CUST05877,High-Value,1
CUST05878,Price-Sensitive,2
CUST05879,Price-Sensitive,2
CUST05880,Occasional,3
CUST05881,Occasional,3
CUST05882,Occasional,3
CUST05883,Occasional,3
CUST05884,Price-Sensitive,2
CUST05885,Occasional,3
CUST05886,Occasional,3
CUST05887,High-Value,1
CUST05888,High-Value,1
CUST05889,Occasional,3
CUST05890,Occasional,3
CUST05891,Price-Sensitive,4
CUST05892,Loyal,0
CUST05893,Price-Sensitive,2
CUST05894,Occasional,3
CUST05895,High-Value,1
CUST05896,Occasional,3
CUST05897,Occasional,3
CUST05898,Price-Sensitive,2
CUST05899,Price-Sensitive,4
CUST05900,High-Value,1
CUST05901,Price-Sensitive,2
CUST05902,Loyal,0
CUST05903,High-Value,1
CUST05904,Price-Sensitive,4
CUST05905,Loyal,0
CUST05906,Price-Sensitive,2
CUST05907,High-Value,1
CUST05908,Price-Sensitive,4
CUST05909,Price-Sensitive,4
CUST05910,Price-Sensitive,4
CUST05911,Price-Sensitive,2
CUST05912,High-Value,1
CUST05913,Occasional,3
CUST05914,Occasional,3
CUST05915,Price-Sensitive,4
CUST05916,Price-Sensitive,4
CUST05917,Price-Sensitive,4
CUST05918,Loyal,0
CUST05919,Price-Sensitive,4
CUST05920,Occasional,3
CUST05921,Occasional,3
CUST05922,Price-Sensitive,4
CUST05923,Price-Sensitive,4
CUST05924,Occasional,3
CUST05925,Price-Sensitive,4
CUST05926,High-Value,1
CUST05927,High-Value,1
CUST05928,Price-Sensitive,2
CUST05929,Occasional,3
CUST05930,Occasional,3
CUST05931,Occasional,3
CUST05932,Occasional,3
CUST05933,Price-Sensitive,4
CUST05934,Occasional,3
CUST05935,Price-Sensitive,4
CUST05936,Occasional,3
CUST05937,Occasional,3
CUST05938,Price-Sensitive,4
CUST05939,Occasional,3
CUST05940,Occasional,3
CUST05941,High-Value,1
CUST05942,Price-Sensitive,4
CUST05943,Loyal,0
CUST05944,High-Value,1
CUST05945,Price-Sensitive,2
CUST05946,Occasional,3
CUST05947,High-Value,1
CUST05948,Occasional,3
CUST05949,Price-Sensitive,2
CUST05950,Loyal,0
CUST05951,Loyal,0
CUST05952,Price-Sensitive,4
CUST05953,Occasional,3
CUST05954,Occasional,3
CUST05955,Occasional,3
CUST05956,High-Value,1
CUST05957,High-Value,1
CUST05958,High-Value,1
CUST05959,High-Value,1
CUST05960,Occasional,3
CUST05961,Occasional,3
CUST05962,Occasional,3
CUST05963,Occasional,3
CUST05964,Occasional,3
CUST05965,High-Value,1
CUST05966,Loyal,0
CUST05967,Occasional,3
CUST05968,Occasional,3
CUST05969,High-Value,1
CUST05970,Occasional,3
CUST05971,Loyal,0
CUST05972,Price-Sensitive,2
CUST05973,Occasional,3
CUST05974,Occasional,3
CUST05975,Price-Sensitive,4
CUST05976,Price-Sensitive,4
CUST05977,Price-Sensitive,4
CUST05978,Occasional,3
CUST05979,Occasional,3
CUST05980,Price-Sensitive,2
CUST05981,Occasional,3
CUST05982,Occasional,3
CUST05983,Occasional,3
CUST05984,Price-Sensitive,4
CUST05985,Occasional,3
CUST05986,Loyal,0
CUST05987,High-Value,1
CUST05988,High-Value,1
CUST05989,Occasional,3
CUST05990,Loyal,0
CUST05991,Occasional,3
CUST05992,Occasional,3
CUST05993,High-Value,1
CUST05994,High-Value,1
CUST05995,High-Value,1
CUST05996,Occasional,3
CUST05997,Loyal,0
CUST05998,Price-Sensitive,2
CUST05999,High-Value,1
CUST06000,Occasional,3
CUST06001,Occasional,3
CUST06002,Occasional,3
CUST06003,Occasional,3
CUST06004,Price-Sensitive,4
CUST06005,Loyal,0
CUST06006,Price-Sensitive,2
CUST06007,Price-Sensitive,4
CUST06008,Occasional,3
CUST06009,Loyal,0
CUST06010,Occasional,3
CUST06011,Occasional,3
CUST06012,High-Value,1
CUST06013,Loyal,0
CUST06014,Occasional,3
CUST06015,Price-Sensitive,4
CUST06016,High-Value,1
CUST06017,High-Value,1
CUST06018,Occasional,3
CUST06019,Price-Sensitive,4
CUST06020,Loyal,0
CUST06021,Occasional,3
CUST06022,Occasional,3
CUST06023,Occasional,3
CUST06024,Occasional,3
CUST06025,Occasional,3
CUST06026,Occasional,3
CUST06027,High-Value,1
CUST06028,High-Value,1
CUST06029,Loyal,0
CUST06030,High-Value,1
CUST06031,High-Value,1
CUST06032,High-Value,1
CUST06033,Price-Sensitive,2
CUST06034,Occasional,3
CUST06035,High-Value,1
CUST06036,High-Value,1
CUST06037,Occasional,3
CUST06038,High-Value,1
CUST06039,Occasional,3
CUST06040,Occasional,3
CUST06041,Occasional,3
CUST06042,Occasional,3
CUST06043,Occasional,3
CUST06044,High-Value,1
CUST06045,High-Value,1
CUST06046,Price-Sensitive,4
CUST06047,Occasional,3
CUST06048,Occasional,3
CUST06049,High-Value,1
CUST06050,High-Value,1
CUST06051,Occasional,3
CUST06052,Price-Sensitive,2
CUST06053,Occasional,3
CUST06054,Occasional,3
CUST06055,Occasional,3
CUST06056,Occasional,3
CUST06057,High-Value,1
CUST06058,Occasional,3
CUST06059,Occasional,3
CUST06060,High-Value,1
CUST06061,High-Value,1
CUST06062,High-Value,1
CUST06063,Occasional,3
CUST06064,Occasional,3
CUST06065,High-Value,1
CUST06066,Occasional,3
CUST06067,Loyal,0
CUST06068,Loyal,0
CUST06069,Price-Sensitive,4
CUST06070,Loyal,0
CUST06071,Occasional,3
CUST06072,Price-Sensitive,2
CUST06073,High-Value,1
CUST06074,Occasional,3
CUST06075,High-Value,1
CUST06076,High-Value,1
CUST06077,High-Value,1
CUST06078,High-Value,1
CUST06079,Occasional,3
CUST06080,High-Value,1
CUST06081,Price-Sensitive,2
CUST06082,Price-Sensitive,4
CUST06083,Price-Sensitive,4
CUST06084,Occasional,3
CUST06085,Occasional,3
CUST06086,High-Value,1
CUST06087,Loyal,0
CUST06088,Price-Sensitive,4
CUST06089,Occasional,3
CUST06090,Occasional,3
CUST06091,Price-Sensitive,4
CUST06092,Price-Sensitive,2
CUST06093,High-Value,1
CUST06094,Price-Sensitive,2
CUST06095,Occasional,3
CUST06096,Occasional,3
CUST06097,Loyal,0
CUST06098,Price-Sensitive,4
CUST06099,Price-Sensitive,4
CUST06100,Occasional,3
CUST06101,Price-Sensitive,2
CUST06102,High-Value,1
CUST06103,Occasional,3
CUST06104,Occasional,3
CUST06105,Occasional,3
CUST06106,Price-Sensitive,4
CUST06107,Price-Sensitive,2
CUST06108,Occasional,3
CUST06109,Price-Sensitive,2
CUST06110,Price-Sensitive,4
CUST06111,Occasional,3
CUST06112,Loyal,0
CUST06113,High-Value,1
CUST06114,Price-Sensitive,4
CUST06115,Price-Sensitive,4
CUST06116,Occasional,3
CUST06117,Loyal,0
CUST06118,Occasional,3
CUST06119,Price-Sensitive,4
CUST06120,Occasional,3
CUST06121,Occasional,3
CUST06122,Price-Sensitive,4
CUST06123,Price-Sensitive,2
CUST06124,High-Value,1
CUST06125,Occasional,3
CUST06126,High-Value,1
CUST06127,Occasional,3
CUST06128,Occasional,3
CUST06129,Price-Sensitive,4
CUST06130,Occasional,3
CUST06131,Loyal,0
CUST06132,Price-Sensitive,4
CUST06133,Price-Sensitive,4
CUST06134,Price-Sensitive,4
CUST06135,Loyal,0
CUST06136,Price-Sensitive,4
CUST06137,High-Value,1
CUST06138,Price-Sensitive,2
CUST06139,Occasional,3
CUST06140,Occasional,3
CUST06141,Occasional,3
CUST06142,Occasional,3
CUST06143,Occasional,3
CUST06144,Loyal,0
CUST06145,Occasional,3
CUST06146,Occasional,3
CUST06147,Occasional,3
CUST06148,Occasional,3
CUST06149,High-Value,1
CUST06150,Occasional,3
CUST06151,High-Value,1
CUST06152,Price-Sensitive,2
CUST06153,High-Value,1
CUST06154,Occasional,3
CUST06155,Loyal,0
CUST06156,Occasional,3
CUST06157,Occasional,3
CUST06158,Occasional,3
CUST06159,Occasional,3
CUST06160,Occasional,3
CUST06161,High-Value,1
CUST06162,Price-Sensitive,4
CUST06163,High-Value,1
CUST06164,Occasional,3
CUST06165,Occasional,3
CUST06166,Occasional,3
CUST06167,High-Value,1
CUST06168,Loyal,0
CUST06169,Occasional,3
CUST06170,Price-Sensitive,4
CUST06171,Occasional,3
CUST06172,Price-Sensitive,2
CUST06173,Price-Sensitive,2
CUST06174,Occasional,3
CUST06175,Occasional,3
CUST06176,Price-Sensitive,2
CUST06177,Occasional,3
CUST06178,High-Value,1
CUST06179,Loyal,0
CUST06180,Loyal,0
CUST06181,High-Value,1
CUST06182,Price-Sensitive,2
CUST06183,Occasional,3
CUST06184,Occasional,3
CUST06185,High-Value,1
CUST06186,Price-Sensitive,4
CUST06187,Price-Sensitive,2
CUST06188,High-Value,1
CUST06189,Loyal,0
CUST06190,High-Value,1
CUST06191,High-Value,1
CUST06192,Occasional,3
CUST06193,Occasional,3
CUST06194,Price-Sensitive,4
CUST06195,Price-Sensitive,2
CUST06196,Occasional,3
CUST06197,Occasional,3
CUST06198,Loyal,0
CUST06199,Price-Sensitive,2
CUST06200,Price-Sensitive,2
CUST06201,Price-Sensitive,2
CUST06202,Occasional,3
CUST06203,Occasional,3
CUST06204,Loyal,0
CUST06205,High-Value,1
CUST06206,Occasional,3
CUST06207,Price-Sensitive,2
CUST06208,Price-Sensitive,2
CUST06209,High-Value,1
CUST06210,Occasional,3
CUST06211,High-Value,1
CUST06212,Price-Sensitive,2
CUST06213,High-Value,1
CUST06214,Occasional,3
CUST06215,Occasional,3
CUST06216,Occasional,3
CUST06217,Loyal,0
CUST06218,High-Value,1
CUST06219,Price-Sensitive,4
CUST06220,Price-Sensitive,4
CUST06221,Occasional,3
CUST06222,Occasional,3
CUST06223,High-Value,1
CUST06224,Loyal,0
CUST06225,Occasional,3
CUST06226,High-Value,1
CUST06227,Loyal,0
CUST06228,Price-Sensitive,4
CUST06229,Loyal,0
CUST06230,Price-Sensitive,2
CUST06231,Occasional,3
CUST06232,Occasional,3
CUST06233,Occasional,3
CUST06234,Price-Sensitive,4
CUST06235,Occasional,3
CUST06236,Occasional,3
CUST06237,Occasional,3
CUST06238,Occasional,3
CUST06239,Price-Sensitive,4
CUST06240,Price-Sensitive,4
CUST06241,Price-Sensitive,4
CUST06242,Occasional,3
CUST06243,Price-Sensitive,2
CUST06244,Occasional,3
CUST06245,Occasional,3
CUST06246,Loyal,0
CUST06247,Loyal,0
CUST06248,Price-Sensitive,4
CUST06249,Occasional,3
CUST06250,Occasional,3
CUST06251,High-Value,1
CUST06252,Price-Sensitive,2
CUST06253,Occasional,3
CUST06254,Occasional,3
CUST06255,High-Value,1
CUST06256,High-Value,1
CUST06257,Occasional,3
CUST06258,Occasional,3
CUST06259,Loyal,0
CUST06260,Loyal,0
CUST06261,Occasional,3
CUST06262,High-Value,1
CUST06263,Occasional,3
CUST06264,High-Value,1
CUST06265,Price-Sensitive,4
CUST06266,High-Value,1
CUST06267,High-Value,1
CUST06268,Loyal,0
CUST06269,High-Value,1
CUST06270,Occasional,3
CUST06271,Occasional,3
CUST06272,Occasional,3
CUST06273,Loyal,0
CUST06274,Price-Sensitive,2
CUST06275,Occasional,3
CUST06276,Occasional,3
CUST06277,Occasional,3
CUST06278,Loyal,0
CUST06279,Price-Sensitive,4
CUST06280,Loyal,0
CUST06281,Price-Sensitive,2
CUST06282,Price-Sensitive,2
CUST06283,High-Value,1
CUST06284,Loyal,0
CUST06285,Price-Sensitive,4
CUST06286,High-Value,1
CUST06287,High-Value,1
CUST06288,Price-Sensitive,4
CUST06289,Occasional,3
CUST06290,Occasional,3
CUST06291,Loyal,0
CUST06292,High-Value,1
CUST06293,Occasional,3
CUST06294,Price-Sensitive,2
CUST06295,Price-Sensitive,2
CUST06296,Occasional,3
CUST06297,Occasional,3
CUST06298,Occasional,3
CUST06299,Price-Sensitive,4
CUST06300,Loyal,0
CUST06301,High-Value,1
CUST06302,Occasional,3
CUST06303,High-Value,1
CUST06304,Loyal,0
CUST06305,Loyal,0
CUST06306,Occasional,3
CUST06307,High-Value,1
CUST06308,Occasional,3
CUST06309,Occasional,3
CUST06310,High-Value,1
CUST06311,High-Value,1
CUST06312,Price-Sensitive,4
CUST06313,Loyal,0
CUST06314,Occasional,3
CUST06315,Loyal,0
CUST06316,Price-Sensitive,4
CUST06317,Price-Sensitive,4
CUST06318,Price-Sensitive,2
CUST06319,Price-Sensitive,2
CUST06320,Occasional,3
CUST06321,Price-Sensitive,4
CUST06322,Occasional,3
CUST06323,Occasional,3
CUST06324,Price-Sensitive,4
CUST06325,High-Value,1
CUST06326,Occasional,3
CUST06327,Loyal,0
CUST06328,Loyal,0
CUST06329,High-Value,1
CUST06330,High-Value,1
CUST06331,Occasional,3
CUST06332,Occasional,3
CUST06333,Price-Sensitive,4
CUST06334,Occasional,3
CUST06335,High-Value,1
CUST06336,Loyal,0
CUST06337,Occasional,3
CUST06338,Occasional,3
CUST06339,Price-Sensitive,2
CUST06340,Price-Sensitive,4
CUST06341,Price-Sensitive,2
CUST06342,Occasional,3
CUST06343,Price-Sensitive,4
CUST06344,High-Value,1
CUST06345,Occasional,3
CUST06346,Occasional,3
CUST06347,Occasional,3
CUST06348,High-Value,1
CUST06349,Loyal,0
CUST06350,High-Value,1
CUST06351,High-Value,1
CUST06352,Occasional,3
CUST06353,Occasional,3
CUST06354,Occasional,3
CUST06355,Price-Sensitive,4
CUST06356,Occasional,3
CUST06357,Occasional,3
CUST06358,Occasional,3
CUST06359,Occasional,3
CUST06360,Price-Sensitive,4
CUST06361,Occasional,3
CUST06362,High-Value,1
CUST06363,Occasional,3
CUST06364,High-Value,1
CUST06365,Occasional,3
CUST06366,Occasional,3
CUST06367,Loyal,0
CUST06368,Price-Sensitive,2
CUST06369,Occasional,3
CUST06370,Price-Sensitive,2
CUST06371,Occasional,3
CUST06372,Occasional,3
CUST06373,Price-Sensitive,2
CUST06374,Occasional,3
CUST06375,Occasional,3
CUST06376,Occasional,3
CUST06377,Occasional,3
CUST06378,Occasional,3
CUST06379,High-Value,1
CUST06380,Loyal,0
CUST06381,Occasional,3
CUST06382,High-Value,1
CUST06383,High-Value,1
CUST06384,High-Value,1
CUST06385,Price-Sensitive,4
CUST06386,Price-Sensitive,2
CUST06387,Price-Sensitive,2
CUST06388,Price-Sensitive,2
CUST06389,Occasional,3
CUST06390,Price-Sensitive,4
CUST06391,Loyal,0
CUST06392,Occasional,3
CUST06393,Loyal,0
CUST06394,Price-Sensitive,4
CUST06395,High-Value,1
CUST06396,Occasional,3
CUST06397,Price-Sensitive,4
CUST06398,Occasional,3
CUST06399,Occasional,3
CUST06400,Price-Sensitive,2
CUST06401,High-Value,1
CUST06402,High-Value,1
CUST06403,High-Value,1
CUST06404,Occasional,3
CUST06405,Occasional,3
CUST06406,High-Value,1
CUST06407,Occasional,3
CUST06408,Loyal,0
CUST06409,Occasional,3
CUST06410,Price-Sensitive,4
CUST06411,Price-Sensitive,4
CUST06412,Occasional,3
CUST06413,Occasional,3
CUST06414,Loyal,0
CUST06415,Loyal,0
CUST06416,Occasional,3
CUST06417,Occasional,3
CUST06418,Occasional,3
CUST06419,Occasional,3
CUST06420,Price-Sensitive,4
CUST06421,Occasional,3
CUST06422,Occasional,3
CUST06423,Loyal,0
CUST06424,Occasional,3
CUST06425,Occasional,3
CUST06426,Loyal,0
CUST06427,High-Value,1
CUST06428,Occasional,3
CUST06429,Loyal,0
CUST06430,High-Value,1
CUST06431,High-Value,1
CUST06432,Occasional,3
CUST06433,Occasional,3
CUST06434,Price-Sensitive,2
CUST06435,Occasional,3
CUST06436,Occasional,3
CUST06437,Price-Sensitive,2
CUST06438,Loyal,0
CUST06439,High-Value,1
CUST06440,Loyal,0
CUST06441,High-Value,1
CUST06442,Loyal,0
CUST06443,Occasional,3
CUST06444,High-Value,1
CUST06445,High-Value,1
CUST06446,High-Value,1
CUST06447,Occasional,3
CUST06448,Occasional,3
CUST06449,High-Value,1
CUST06450,Occasional,3
CUST06451,Occasional,3
CUST06452,Price-Sensitive,2
CUST06453,Occasional,3
CUST06454,High-Value,1
CUST06455,Occasional,3
CUST06456,High-Value,1
CUST06457,Occasional,3
CUST06458,Occasional,3
CUST06459,Price-Sensitive,4
CUST06460,High-Value,1
CUST06461,Occasional,3
CUST06462,Occasional,3
CUST06463,High-Value,1
CUST06464,Occasional,3
CUST06465,Occasional,3
CUST06466,Occasional,3
CUST06467,Price-Sensitive,2
CUST06468,Price-Sensitive,4
CUST06469,Occasional,3
CUST06470,Price-Sensitive,4
CUST06471,Loyal,0
CUST06472,Occasional,3
CUST06473,Loyal,0
CUST06474,High-Value,1
CUST06475,Occasional,3
CUST06476,High-Value,1
CUST06477,High-Value,1
CUST06478,Price-Sensitive,4
CUST06479,Price-Sensitive,4
CUST06480,Price-Sensitive,2
CUST06481,Price-Sensitive,4
CUST06482,Occasional,3
CUST06483,Occasional,3
CUST06484,Loyal,0
CUST06485,Price-Sensitive,4
CUST06486,Occasional,3
CUST06487,Price-Sensitive,2
CUST06488,Occasional,3
CUST06489,Loyal,0
CUST06490,High-Value,1
CUST06491,High-Value,1
CUST06492,Occasional,3
CUST06493,High-Value,1
CUST06494,Occasional,3
CUST06495,Occasional,3
CUST06496,Price-Sensitive,4
CUST06497,Occasional,3
CUST06498,Loyal,0
CUST06499,Occasional,3
CUST06500,Price-Sensitive,4
CUST06501,Price-Sensitive,2
CUST06502,High-Value,1
CUST06503,Occasional,3
CUST06504,High-Value,1
CUST06505,Price-Sensitive,4
CUST06506,Price-Sensitive,2
CUST06507,Occasional,3
CUST06508,Price-Sensitive,2
CUST06509,High-Value,1
CUST06510,Occasional,3
CUST06511,High-Value,1
CUST06512,Occasional,3
CUST06513,Price-Sensitive,4
CUST06514,Price-Sensitive,2
CUST06515,Price-Sensitive,2
CUST06516,Loyal,0
CUST06517,Occasional,3
CUST06518,High-Value,1
CUST06519,Occasional,3
CUST06520,Price-Sensitive,2
CUST06521,High-Value,1
CUST06522,Occasional,3
CUST06523,High-Value,1
CUST06524,Occasional,3
CUST06525,High-Value,1
CUST06526,Price-Sensitive,2
CUST06527,Price-Sensitive,2
CUST06528,High-Value,1
CUST06529,Occasional,3
CUST06530,Price-Sensitive,4
CUST06531,Occasional,3
CUST06532,Loyal,0
CUST06533,Occasional,3
CUST06534,High-Value,1
CUST06535,Occasional,3
CUST06536,Price-Sensitive,2
CUST06537,Loyal,0
CUST06538,Occasional,3
CUST06539,Price-Sensitive,4
CUST06540,Occasional,3
CUST06541,High-Value,1
CUST06542,Occasional,3
CUST06543,Occasional,3
CUST06544,High-Value,1
CUST06545,Occasional,3
CUST06546,Occasional,3
CUST06547,Occasional,3
CUST06548,Occasional,3
CUST06549,Occasional,3
CUST06550,High-Value,1
CUST06551,Occasional,3
CUST06552,Price-Sensitive,4
CUST06553,Occasional,3
CUST06554,Price-Sensitive,4
CUST06555,Price-Sensitive,2
CUST06556,Occasional,3
CUST06557,Price-Sensitive,2
CUST06558,Occasional,3
CUST06559,High-Value,1
CUST06560,Loyal,0
CUST06561,High-Value,1
CUST06562,Occasional,3
CUST06563,High-Value,1
CUST06564,Occasional,3
CUST06565,Occasional,3
CUST06566,Price-Sensitive,2
CUST06567,Occasional,3
CUST06568,Occasional,3
CUST06569,Occasional,3
CUST06570,Price-Sensitive,4
CUST06571,Loyal,0
CUST06572,Occasional,3
CUST06573,Loyal,0
CUST06574,Price-Sensitive,4
CUST06575,High-Value,1
CUST06576,Price-Sensitive,4
CUST06577,Occasional,3
CUST06578,Occasional,3
CUST06579,Occasional,3
CUST06580,Price-Sensitive,2
CUST06581,High-Value,1
CUST06582,Occasional,3
CUST06583,Occasional,3
CUST06584,Price-Sensitive,4
CUST06585,High-Value,1
CUST06586,High-Value,1
CUST06587,Loyal,0
CUST06588,High-Value,1
CUST06589,Loyal,0
CUST06590,Occasional,3
CUST06591,Occasional,3
CUST06592,Loyal,0
CUST06593,Loyal,0
CUST06594,Occasional,3
CUST06595,Occasional,3
CUST06596,Price-Sensitive,4
CUST06597,Loyal,0
CUST06598,High-Value,1
CUST06599,Occasional,3
CUST06600,Price-Sensitive,4
CUST06601,Occasional,3
CUST06602,Occasional,3
CUST06603,Occasional,3
CUST06604,High-Value,1
CUST06605,Price-Sensitive,4
CUST06606,Occasional,3
CUST06607,Loyal,0
CUST06608,Occasional,3
CUST06609,Price-Sensitive,2
CUST06610,High-Value,1
CUST06611,High-Value,1
CUST06612,Occasional,3
CUST06613,Occasional,3
CUST06614,Occasional,3
CUST06615,Price-Sensitive,2
CUST06616,Loyal,0
CUST06617,Occasional,3
CUST06618,Price-Sensitive,2
CUST06619,Occasional,3
CUST06620,Price-Sensitive,4
CUST06621,High-Value,1
CUST06622,Occasional,3
CUST06623,Occasional,3
CUST06624,Occasional,3
CUST06625,Occasional,3
CUST06626,High-Value,1
CUST06627,Price-Sensitive,4
CUST06628,High-Value,1
CUST06629,Occasional,3
CUST06630,High-Value,1
CUST06631,Loyal,0
CUST06632,Occasional,3
CUST06633,Occasional,3
CUST06634,High-Value,1
CUST06635,High-Value,1
CUST06636,Price-Sensitive,4
CUST06637,Price-Sensitive,4
CUST06638,Occasional,3
CUST06639,Price-Sensitive,4
CUST06640,High-Value,1
CUST06641,Occasional,3
CUST06642,Occasional,3
CUST06643,Price-Sensitive,4
CUST06644,High-Value,1
CUST06645,Loyal,0
CUST06646,Occasional,3
CUST06647,Price-Sensitive,2
CUST06648,Occasional,3
CUST06649,Occasional,3
CUST06650,Occasional,3
CUST06651,Occasional,3
CUST06652,Occasional,3
CUST06653,Price-Sensitive,4
CUST06654,Price-Sensitive,4
CUST06655,Price-Sensitive,4
CUST06656,Loyal,0
CUST06657,Price-Sensitive,2
CUST06658,High-Value,1
CUST06659,Price-Sensitive,4
CUST06660,Occasional,3
CUST06661,Loyal,0
CUST06662,Occasional,3
CUST06663,High-Value,1
CUST06664,Price-Sensitive,2
CUST06665,Price-Sensitive,4
CUST06666,Price-Sensitive,2
CUST06667,Occasional,3
CUST06668,Occasional,3
CUST06669,High-Value,1
CUST06670,Occasional,3
CUST06671,Occasional,3
CUST06672,High-Value,1
CUST06673,Occasional,3
CUST06674,Price-Sensitive,2
CUST06675,Price-Sensitive,2
CUST06676,Loyal,0
CUST06677,Occasional,3
CUST06678,Occasional,3
CUST06679,High-Value,1
CUST06680,High-Value,1
CUST06681,Price-Sensitive,2
CUST06682,Loyal,0
CUST06683,Occasional,3
CUST06684,High-Value,1
CUST06685,Occasional,3
CUST06686,Price-Sensitive,2
CUST06687,High-Value,1
CUST06688,Price-Sensitive,2
CUST06689,Occasional,3
CUST06690,Occasional,3
CUST06691,High-Value,1
CUST06692,Occasional,3
CUST06693,Price-Sensitive,4
CUST06694,Occasional,3
CUST06695,Occasional,3
CUST06696,Occasional,3
CUST06697,Occasional,3
CUST06698,High-Value,1
CUST06699,High-Value,1
CUST06700,Price-Sensitive,4
CUST06701,Loyal,0
CUST06702,High-Value,1
CUST06703,Occasional,3
CUST06704,Price-Sensitive,2
CUST06705,Price-Sensitive,2
CUST06706,Occasional,3
CUST06707,Price-Sensitive,2
CUST06708,High-Value,1
CUST06709,Occasional,3
CUST06710,Occasional,3
CUST06711,Price-Sensitive,4
CUST06712,Occasional,3
CUST06713,Occasional,3
CUST06714,Price-Sensitive,2
CUST06715,High-Value,1
CUST06716,Occasional,3
CUST06717,Price-Sensitive,2
CUST06718,High-Value,1
CUST06719,Price-Sensitive,2
CUST06720,High-Value,1
CUST06721,Price-Sensitive,4
CUST06722,Price-Sensitive,4
CUST06723,Occasional,3
CUST06724,Occasional,3
CUST06725,High-Value,1
CUST06726,Price-Sensitive,4
CUST06727,Price-Sensitive,4
CUST06728,Price-Sensitive,2
CUST06729,Price-Sensitive,2
CUST06730,Occasional,3
CUST06731,High-Value,1
CUST06732,Occasional,3
CUST06733,Price-Sensitive,4
CUST06734,Occasional,3
CUST06735,Loyal,0
CUST06736,Occasional,3
CUST06737,Occasional,3
CUST06738,Price-Sensitive,4
CUST06739,Occasional,3
CUST06740,Occasional,3
CUST06741,Occasional,3
CUST06742,Price-Sensitive,2
CUST06743,Loyal,0
CUST06744,Price-Sensitive,2
CUST06745,Occasional,3
CUST06746,High-Value,1
CUST06747,Price-Sensitive,2
CUST06748,Price-Sensitive,4
CUST06749,Price-Sensitive,4
CUST06750,Loyal,0
CUST06751,Occasional,3
CUST06752,Loyal,0
CUST06753,High-Value,1
CUST06754,Price-Sensitive,2
CUST06755,Occasional,3
CUST06756,High-Value,1
CUST06757,Occasional,3
CUST06758,High-Value,1
CUST06759,Loyal,0
CUST06760,Occasional,3
CUST06761,Price-Sensitive,4
CUST06762,Price-Sensitive,4
CUST06763,Occasional,3
CUST06764,Price-Sensitive,2
CUST06765,High-Value,1
CUST06766,Loyal,0
CUST06767,Occasional,3
CUST06768,High-Value,1
CUST06769,Occasional,3
CUST06770,High-Value,1
CUST06771,Occasional,3
CUST06772,Occasional,3
CUST06773,Occasional,3
CUST06774,High-Value,1
CUST06775,Price-Sensitive,4
CUST06776,High-Value,1
CUST06777,Price-Sensitive,4
CUST06778,Occasional,3
CUST06779,Price-Sensitive,4
CUST06780,Price-Sensitive,2
CUST06781,Occasional,3
CUST06782,High-Value,1
CUST06783,Occasional,3
CUST06784,High-Value,1
CUST06785,Price-Sensitive,2
CUST06786,Occasional,3
CUST06787,Price-Sensitive,4
CUST06788,Occasional,3
CUST06789,Occasional,3
CUST06790,Price-Sensitive,2
CUST06791,Occasional,3
CUST06792,Occasional,3
CUST06793,Loyal,0
CUST06794,Occasional,3
CUST06795,Occasional,3
CUST06796,High-Value,1
CUST06797,Occasional,3
CUST06798,Loyal,0
CUST06799,High-Value,1
CUST06800,Occasional,3
CUST06801,Occasional,3
CUST06802,High-Value,1
CUST06803,Occasional,3
CUST06804,Price-Sensitive,2
CUST06805,Price-Sensitive,4
CUST06806,Price-Sensitive,4
CUST06807,Price-Sensitive,4
CUST06808,Occasional,3
CUST06809,Occasional,3
CUST06810,Occasional,3
CUST06811,High-Value,1
CUST06812,Occasional,3
CUST06813,Occasional,3
CUST06814,Occasional,3
CUST06815,Loyal,0
CUST06816,Occasional,3
CUST06817,Occasional,3
CUST06818,Occasional,3
CUST06819,High-Value,1
CUST06820,Loyal,0
CUST06821,High-Value,1
CUST06822,Occasional,3
CUST06823,High-Value,1
CUST06824,High-Value,1
CUST06825,Price-Sensitive,4
CUST06826,High-Value,1
CUST06827,Occasional,3
CUST06828,High-Value,1
CUST06829,Price-Sensitive,4
CUST06830,Occasional,3
CUST06831,Occasional,3
CUST06832,High-Value,1
CUST06833,Occasional,3
CUST06834,Occasional,3
CUST06835,Occasional,3
CUST06836,Price-Sensitive,2
CUST06837,Occasional,3
CUST06838,Price-Sensitive,2
CUST06839,Price-Sensitive,4
CUST06840,Occasional,3
CUST06841,Loyal,0
CUST06842,Price-Sensitive,2
CUST06843,Occasional,3
CUST06844,Occasional,3
CUST06845,Loyal,0
CUST06846,Loyal,0
CUST06847,Occasional,3
CUST06848,High-Value,1
CUST06849,Occasional,3
CUST06850,High-Value,1
CUST06851,Loyal,0
CUST06852,Occasional,3
CUST06853,Price-Sensitive,4
CUST06854,Occasional,3
CUST06855,Occasional,3
CUST06856,Loyal,0
CUST06857,High-Value,1
CUST06858,Price-Sensitive,2
CUST06859,Occasional,3
CUST06860,Price-Sensitive,4
CUST06861,Loyal,0
CUST06862,Occasional,3
CUST06863,Occasional,3
CUST06864,Loyal,0
CUST06865,Occasional,3
CUST06866,Occasional,3
CUST06867,Occasional,3
CUST06868,High-Value,1
CUST06869,Price-Sensitive,4
CUST06870,Occasional,3
CUST06871,Price-Sensitive,4
CUST06872,Occasional,3
CUST06873,High-Value,1
CUST06874,Loyal,0
CUST06875,Loyal,0
CUST06876,High-Value,1
CUST06877,Occasional,3
CUST06878,High-Value,1
CUST06879,High-Value,1
CUST06880,Occasional,3
CUST06881,Occasional,3
CUST06882,High-Value,1
CUST06883,High-Value,1
CUST06884,Occasional,3
CUST06885,Price-Sensitive,4
CUST06886,High-Value,1
CUST06887,Occasional,3
CUST06888,Price-Sensitive,4
CUST06889,Price-Sensitive,2
CUST06890,Occasional,3
CUST06891,Occasional,3
CUST06892,Occasional,3
CUST06893,Occasional,3
CUST06894,High-Value,1
CUST06895,Occasional,3
CUST06896,Price-Sensitive,2
CUST06897,Price-Sensitive,2
CUST06898,Occasional,3
CUST06899,Occasional,3
CUST06900,High-Value,1
CUST06901,Occasional,3
CUST06902,Occasional,3
CUST06903,High-Value,1
CUST06904,Occasional,3
CUST06905,Occasional,3
CUST06906,Occasional,3
CUST06907,Price-Sensitive,4
CUST06908,Loyal,0
CUST06909,Occasional,3
CUST06910,Occasional,3
CUST06911,Price-Sensitive,2
CUST06912,High-Value,1
CUST06913,Occasional,3
CUST06914,Occasional,3
CUST06915,Price-Sensitive,2
CUST06916,High-Value,1
CUST06917,High-Value,1
CUST06918,Occasional,3
CUST06919,Occasional,3
CUST06920,Occasional,3
CUST06921,Occasional,3
CUST06922,Price-Sensitive,4
CUST06923,Occasional,3
CUST06924,High-Value,1
CUST06925,Occasional,3
CUST06926,Occasional,3
CUST06927,Occasional,3
CUST06928,Price-Sensitive,2
CUST06929,Occasional,3
CUST06930,Price-Sensitive,2
CUST06931,Occasional,3
CUST06932,High-Value,1
CUST06933,Occasional,3
CUST06934,Loyal,0
CUST06935,Price-Sensitive,2
CUST06936,Occasional,3
CUST06937,Occasional,3
CUST06938,Occasional,3
CUST06939,Price-Sensitive,4
CUST06940,Occasional,3
CUST06941,Occasional,3
CUST06942,Price-Sensitive,4
CUST06943,Occasional,3
CUST06944,Occasional,3
CUST06945,Occasional,3
CUST06946,Price-Sensitive,4
CUST06947,Occasional,3
CUST06948,Price-Sensitive,2
CUST06949,Price-Sensitive,2
CUST06950,High-Value,1
CUST06951,High-Value,1
CUST06952,Occasional,3
CUST06953,High-Value,1
CUST06954,Occasional,3
CUST06955,Loyal,0
CUST06956,High-Value,1
CUST06957,Price-Sensitive,2
CUST06958,High-Value,1
CUST06959,Occasional,3
CUST06960,Loyal,0
CUST06961,Loyal,0
CUST06962,Occasional,3
CUST06963,Occasional,3
CUST06964,Price-Sensitive,2
CUST06965,High-Value,1
CUST06966,Occasional,3
CUST06967,Occasional,3
CUST06968,Occasional,3
CUST06969,Loyal,0
CUST06970,Price-Sensitive,4
CUST06971,Price-Sensitive,2
CUST06972,Price-Sensitive,2
CUST06973,Price-Sensitive,2
CUST06974,High-Value,1
CUST06975,Occasional,3
CUST06976,High-Value,1
CUST06977,Occasional,3
CUST06978,Occasional,3
CUST06979,Loyal,0
CUST06980,Occasional,3
CUST06981,Occasional,3
CUST06982,Loyal,0
CUST06983,Price-Sensitive,4
CUST06984,Occasional,3
CUST06985,Loyal,0
CUST06986,Occasional,3
CUST06987,High-Value,1
CUST06988,Occasional,3
CUST06989,High-Value,1
CUST06990,Loyal,0
CUST06991,Loyal,0
CUST06992,Occasional,3
CUST06993,Occasional,3
CUST06994,Price-Sensitive,4
CUST06995,Occasional,3
CUST06996,Occasional,3
CUST06997,Loyal,0
CUST06998,Loyal,0
CUST06999,High-Value,1
CUST07000,Loyal,0
CUST07001,Price-Sensitive,2
CUST07002,Occasional,3
CUST07003,High-Value,1
CUST07004,Loyal,0
CUST07005,Occasional,3
CUST07006,Occasional,3
CUST07007,Price-Sensitive,4
CUST07008,Occasional,3
CUST07009,Occasional,3
CUST07010,Occasional,3
CUST07011,Price-Sensitive,2
CUST07012,Occasional,3
CUST07013,High-Value,1
CUST07014,High-Value,1
CUST07015,Occasional,3
CUST07016,Price-Sensitive,4
CUST07017,Price-Sensitive,4
CUST07018,Price-Sensitive,2
CUST07019,Occasional,3
CUST07020,Occasional,3
CUST07021,Occasional,3
CUST07022,Price-Sensitive,2
CUST07023,Loyal,0
CUST07024,Occasional,3
CUST07025,Occasional,3
CUST07026,Loyal,0
CUST07027,Occasional,3
CUST07028,Price-Sensitive,2
CUST07029,Occasional,3
CUST07030,Price-Sensitive,2
CUST07031,Price-Sensitive,2
CUST07032,Price-Sensitive,4
CUST07033,High-Value,1
CUST07034,Occasional,3
CUST07035,Occasional,3
CUST07036,Loyal,0
CUST07037,Occasional,3
CUST07038,Occasional,3
CUST07039,Price-Sensitive,4
CUST07040,Occasional,3
CUST07041,Occasional,3
CUST07042,Occasional,3
CUST07043,Occasional,3
CUST07044,Occasional,3
CUST07045,Occasional,3
CUST07046,Occasional,3
CUST07047,Occasional,3
CUST07048,Occasional,3
CUST07049,Price-Sensitive,2
CUST07050,Occasional,3
CUST07051,Price-Sensitive,4
CUST07052,Occasional,3
CUST07053,Occasional,3
CUST07054,Occasional,3
CUST07055,High-Value,1
CUST07056,Occasional,3
CUST07057,High-Value,1
CUST07058,Price-Sensitive,4
CUST07059,Occasional,3
CUST07060,High-Value,1
CUST07061,Occasional,3
CUST07062,Loyal,0
CUST07063,Loyal,0
CUST07064,Occasional,3
CUST07065,High-Value,1
CUST07066,Price-Sensitive,2
CUST07067,Loyal,0
CUST07068,High-Value,1
CUST07069,High-Value,1
CUST07070,Price-Sensitive,2
CUST07071,Price-Sensitive,4
CUST07072,Price-Sensitive,2
CUST07073,High-Value,1
CUST07074,Price-Sensitive,4
CUST07075,Occasional,3
CUST07076,Loyal,0
CUST07077,Occasional,3
CUST07078,Occasional,3
CUST07079,Price-Sensitive,4
CUST07080,High-Value,1
CUST07081,Occasional,3
CUST07082,Price-Sensitive,2
CUST07083,Occasional,3
CUST07084,Occasional,3
CUST07085,Occasional,3
CUST07086,Occasional,3
CUST07087,Occasional,3
CUST07088,Loyal,0
CUST07089,High-Value,1
CUST07090,High-Value,1
CUST07091,Occasional,3
CUST07092,Occasional,3
CUST07093,Loyal,0
CUST07094,Loyal,0
CUST07095,Price-Sensitive,4
CUST07096,Occasional,3
CUST07097,Occasional,3
CUST07098,High-Value,1
CUST07099,Occasional,3
CUST07100,Price-Sensitive,4
CUST07101,Loyal,0
CUST07102,High-Value,1
CUST07103,High-Value,1
CUST07104,High-Value,1
CUST07105,High-Value,1
CUST07106,Price-Sensitive,4
CUST07107,Price-Sensitive,4
CUST07108,Occasional,3
CUST07109,High-Value,1
CUST07110,Loyal,0
CUST07111,Loyal,0
CUST07112,Occasional,3
CUST07113,Occasional,3
CUST07114,Occasional,3
CUST07115,Price-Sensitive,4
CUST07116,Occasional,3
CUST07117,Occasional,3
CUST07118,Occasional,3
CUST07119,Occasional,3
CUST07120,Occasional,3
CUST07121,Price-Sensitive,2
CUST07122,High-Value,1
CUST07123,High-Value,1
CUST07124,Loyal,0
CUST07125,Occasional,3
CUST07126,Occasional,3
CUST07127,High-Value,1
CUST07128,Occasional,3
CUST07129,Occasional,3
CUST07130,Occasional,3
CUST07131,Occasional,3
CUST07132,High-Value,1
CUST07133,High-Value,1
CUST07134,Loyal,0
CUST07135,Price-Sensitive,2
CUST07136,High-Value,1
CUST07137,High-Value,1
CUST07138,Occasional,3
CUST07139,Occasional,3
CUST07140,Price-Sensitive,4
CUST07141,High-Value,1
CUST07142,High-Value,1
CUST07143,Price-Sensitive,4
CUST07144,Occasional,3
CUST07145,Occasional,3
CUST07146,Price-Sensitive,2
CUST07147,Price-Sensitive,4
CUST07148,High-Value,1
CUST07149,High-Value,1
CUST07150,Occasional,3
CUST07151,Loyal,0
CUST07152,Price-Sensitive,2
CUST07153,Loyal,0
CUST07154,Occasional,3
CUST07155,Occasional,3
CUST07156,High-Value,1
CUST07157,Price-Sensitive,2
CUST07158,Price-Sensitive,4
CUST07159,High-Value,1
CUST07160,Price-Sensitive,2
CUST07161,Price-Sensitive,2
CUST07162,Price-Sensitive,2
CUST07163,Occasional,3
CUST07164,High-Value,1
CUST07165,Price-Sensitive,4
CUST07166,Occasional,3
CUST07167,Occasional,3
CUST07168,Price-Sensitive,2
CUST07169,Occasional,3
CUST07170,High-Value,1
CUST07171,Price-Sensitive,4
CUST07172,High-Value,1
CUST07173,Loyal,0
CUST07174,Price-Sensitive,4
CUST07175,Price-Sensitive,2
CUST07176,Occasional,3
CUST07177,High-Value,1
CUST07178,Price-Sensitive,2
CUST07179,Price-Sensitive,2
CUST07180,Price-Sensitive,2
CUST07181,Loyal,0
CUST07182,Occasional,3
CUST07183,Occasional,3
CUST07184,Occasional,3
CUST07185,Price-Sensitive,2
CUST07186,Occasional,3
CUST07187,Occasional,3
CUST07188,Price-Sensitive,4
CUST07189,Occasional,3
CUST07190,Occasional,3
CUST07191,High-Value,1
CUST07192,Occasional,3
CUST07193,Price-Sensitive,2
CUST07194,High-Value,1
CUST07195,Occasional,3
CUST07196,High-Value,1
CUST07197,Occasional,3
CUST07198,High-Value,1
CUST07199,Occasional,3
CUST07200,Occasional,3
CUST07201,Occasional,3
CUST07202,Occasional,3
CUST07203,Price-Sensitive,4
CUST07204,Price-Sensitive,2
CUST07205,Occasional,3
CUST07206,Loyal,0
CUST07207,High-Value,1
CUST07208,Price-Sensitive,2
CUST07209,Price-Sensitive,2
CUST07210,Price-Sensitive,4
CUST07211,Price-Sensitive,2
CUST07212,Occasional,3
CUST07213,Occasional,3
CUST07214,Occasional,3
CUST07215,High-Value,1
CUST07216,Occasional,3
CUST07217,Price-Sensitive,2
CUST07218,Occasional,3
CUST07219,High-Value,1
CUST07220,Loyal,0
CUST07221,Price-Sensitive,4
CUST07222,Occasional,3
CUST07223,Occasional,3
CUST07224,Occasional,3
CUST07225,Price-Sensitive,2
CUST07226,Price-Sensitive,4
CUST07227,Occasional,3
CUST07228,Occasional,3
CUST07229,Occasional,3
CUST07230,Occasional,3
CUST07231,Occasional,3
CUST07232,Loyal,0
CUST07233,Price-Sensitive,4
CUST07234,Occasional,3
CUST07235,Price-Sensitive,4
CUST07236,High-Value,1
CUST07237,High-Value,1
CUST07238,Occasional,3
CUST07239,Occasional,3
CUST07240,High-Value,1
CUST07241,High-Value,1
CUST07242,Price-Sensitive,4
CUST07243,Occasional,3
CUST07244,Occasional,3
CUST07245,High-Value,1
CUST07246,Loyal,0
CUST07247,Occasional,3
CUST07248,High-Value,1
CUST07249,High-Value,1
CUST07250,High-Value,1
CUST07251,Occasional,3
CUST07252,High-Value,1
CUST07253,Loyal,0
CUST07254,Occasional,3
CUST07255,Price-Sensitive,4
CUST07256,Occasional,3
CUST07257,Occasional,3
CUST07258,High-Value,1
CUST07259,Price-Sensitive,4
CUST07260,High-Value,1
CUST07261,High-Value,1
CUST07262,Occasional,3
CUST07263,High-Value,1
CUST07264,Occasional,3
CUST07265,High-Value,1
CUST07266,High-Value,1
CUST07267,Loyal,0
CUST07268,Price-Sensitive,4
CUST07269,Loyal,0
CUST07270,Occasional,3
CUST07271,Occasional,3
CUST07272,Occasional,3
CUST07273,Price-Sensitive,4
CUST07274,Price-Sensitive,4
CUST07275,High-Value,1
CUST07276,Occasional,3
CUST07277,High-Value,1
CUST07278,Occasional,3
CUST07279,Occasional,3
CUST07280,Price-Sensitive,4
CUST07281,High-Value,1
CUST07282,High-Value,1
CUST07283,Occasional,3
CUST07284,Price-Sensitive,4
CUST07285,Occasional,3
CUST07286,Price-Sensitive,4
CUST07287,Occasional,3
CUST07288,Occasional,3
CUST07289,Price-Sensitive,4
CUST07290,Loyal,0
CUST07291,Loyal,0
CUST07292,Price-Sensitive,4
CUST07293,High-Value,1
CUST07294,Occasional,3
CUST07295,Loyal,0
CUST07296,Occasional,3
CUST07297,Occasional,3
CUST07298,High-Value,1
CUST07299,Occasional,3
CUST07300,High-Value,1
CUST07301,Loyal,0
CUST07302,Occasional,3
CUST07303,Price-Sensitive,4
CUST07304,Loyal,0
CUST07305,High-Value,1
CUST07306,Occasional,3
CUST07307,Price-Sensitive,4
CUST07308,Price-Sensitive,4
CUST07309,High-Value,1
CUST07310,Occasional,3
CUST07311,Occasional,3
CUST07312,High-Value,1
CUST07313,High-Value,1
CUST07314,Occasional,3
CUST07315,Occasional,3
CUST07316,Price-Sensitive,4
CUST07317,Loyal,0
CUST07318,Price-Sensitive,4
CUST07319,Price-Sensitive,2
CUST07320,Price-Sensitive,2
CUST07321,Occasional,3
CUST07322,Price-Sensitive,2
CUST07323,High-Value,1
CUST07324,Occasional,3
CUST07325,Occasional,3
CUST07326,Price-Sensitive,2
CUST07327,Occasional,3
CUST07328,High-Value,1
CUST07329,Occasional,3
CUST07330,Occasional,3
CUST07331,Loyal,0
CUST07332,Loyal,0
CUST07333,Occasional,3
CUST07334,Price-Sensitive,4
CUST07335,High-Value,1
CUST07336,Occasional,3
CUST07337,High-Value,1
CUST07338,Occasional,3
CUST07339,Occasional,3
CUST07340,Loyal,0
CUST07341,Occasional,3
CUST07342,Occasional,3
CUST07343,Price-Sensitive,4
CUST07344,High-Value,1
CUST07345,High-Value,1
CUST07346,Occasional,3
CUST07347,Loyal,0
CUST07348,Occasional,3
CUST07349,Occasional,3
CUST07350,Price-Sensitive,4
CUST07351,Price-Sensitive,2
CUST07352,High-Value,1
CUST07353,Occasional,3
CUST07354,Occasional,3
CUST07355,Price-Sensitive,4
CUST07356,High-Value,1
CUST07357,Occasional,3
CUST07358,High-Value,1
CUST07359,Occasional,3
CUST07360,Occasional,3
CUST07361,High-Value,1
CUST07362,Occasional,3
CUST07363,Price-Sensitive,2
CUST07364,High-Value,1
CUST07365,Occasional,3
CUST07366,Loyal,0
CUST07367,Occasional,3
CUST07368,Occasional,3
CUST07369,Occasional,3
CUST07370,Price-Sensitive,4
CUST07371,Loyal,0
CUST07372,High-Value,1
CUST07373,Price-Sensitive,4
CUST07374,Price-Sensitive,2
CUST07375,Occasional,3
CUST07376,Loyal,0
CUST07377,Price-Sensitive,2
CUST07378,Occasional,3
CUST07379,Occasional,3
CUST07380,High-Value,1
CUST07381,Occasional,3
CUST07382,Price-Sensitive,2
CUST07383,Occasional,3
CUST07384,High-Value,1
CUST07385,Occasional,3
CUST07386,Price-Sensitive,2
CUST07387,Occasional,3
CUST07388,High-Value,1
CUST07389,Occasional,3
CUST07390,Occasional,3
CUST07391,Occasional,3
CUST07392,Occasional,3
CUST07393,Price-Sensitive,4
CUST07394,Loyal,0
CUST07395,Loyal,0
CUST07396,Occasional,3
CUST07397,Occasional,3
CUST07398,Price-Sensitive,4
CUST07399,Occasional,3
CUST07400,Price-Sensitive,4
CUST07401,Price-Sensitive,4
CUST07402,High-Value,1
CUST07403,High-Value,1
CUST07404,Occasional,3
CUST07405,Occasional,3
CUST07406,Occasional,3
CUST07407,High-Value,1
CUST07408,Occasional,3
CUST07409,Occasional,3
CUST07410,Occasional,3
CUST07411,Price-Sensitive,4
CUST07412,Occasional,3
CUST07413,High-Value,1
CUST07414,Occasional,3
CUST07415,Occasional,3
CUST07416,High-Value,1
CUST07417,Price-Sensitive,2
CUST07418,Price-Sensitive,4
CUST07419,High-Value,1
CUST07420,Price-Sensitive,2
CUST07421,Loyal,0
CUST07422,High-Value,1
CUST07423,Loyal,0
CUST07424,Price-Sensitive,4
CUST07425,High-Value,1
CUST07426,Price-Sensitive,4
CUST07427,Occasional,3
CUST07428,Occasional,3
CUST07429,Occasional,3
CUST07430,Occasional,3
CUST07431,Occasional,3
CUST07432,Occasional,3
CUST07433,Occasional,3
CUST07434,Occasional,3
CUST07435,Occasional,3
CUST07436,Occasional,3
CUST07437,Occasional,3
CUST07438,Price-Sensitive,4
CUST07439,High-Value,1
CUST07440,Occasional,3
CUST07441,Occasional,3
CUST07442,Occasional,3
CUST07443,High-Value,1
CUST07444,Price-Sensitive,4
CUST07445,Price-Sensitive,4
CUST07446,Loyal,0
CUST07447,Price-Sensitive,4
CUST07448,Occasional,3
CUST07449,Price-Sensitive,4
CUST07450,Occasional,3
CUST07451,High-Value,1
CUST07452,High-Value,1
CUST07453,High-Value,1
CUST07454,Price-Sensitive,4
CUST07455,Price-Sensitive,2
CUST07456,Price-Sensitive,4
CUST07457,High-Value,1
CUST07458,Loyal,0
CUST07459,Price-Sensitive,2
CUST07460,Occasional,3
CUST07461,Occasional,3
CUST07462,High-Value,1
CUST07463,Price-Sensitive,4
CUST07464,Price-Sensitive,4
CUST07465,Occasional,3
CUST07466,High-Value,1
CUST07467,Price-Sensitive,4
CUST07468,Loyal,0
CUST07469,Price-Sensitive,4
CUST07470,Price-Sensitive,2
CUST07471,Occasional,3
CUST07472,Occasional,3
CUST07473,Loyal,0
CUST07474,Price-Sensitive,2
CUST07475,Occasional,3
CUST07476,Occasional,3
CUST07477,Occasional,3
CUST07478,High-Value,1
CUST07479,High-Value,1
CUST07480,Price-Sensitive,4
CUST07481,High-Value,1
CUST07482,Price-Sensitive,2
CUST07483,Occasional,3
CUST07484,Occasional,3
CUST07485,High-Value,1
CUST07486,Occasional,3
CUST07487,Occasional,3
CUST07488,Price-Sensitive,4
CUST07489,High-Value,1
CUST07490,High-Value,1
CUST07491,High-Value,1
CUST07492,Occasional,3
CUST07493,Price-Sensitive,4
CUST07494,Price-Sensitive,4
CUST07495,Loyal,0
CUST07496,Occasional,3
CUST07497,High-Value,1
CUST07498,Price-Sensitive,4
CUST07499,High-Value,1
CUST07500,Occasional,3
CUST07501,Occasional,3
CUST07502,High-Value,1
CUST07503,Price-Sensitive,4
CUST07504,Price-Sensitive,4
CUST07505,Occasional,3
CUST07506,Occasional,3
CUST07507,Price-Sensitive,4
CUST07508,High-Value,1
CUST07509,Occasional,3
CUST07510,Occasional,3
CUST07511,Price-Sensitive,2
CUST07512,Occasional,3
CUST07513,Price-Sensitive,4
CUST07514,Price-Sensitive,4
CUST07515,High-Value,1
CUST07516,Occasional,3
CUST07517,Price-Sensitive,2
CUST07518,Occasional,3
CUST07519,Price-Sensitive,2
CUST07520,High-Value,1
CUST07521,Occasional,3
CUST07522,Occasional,3
CUST07523,Occasional,3
CUST07524,Loyal,0
CUST07525,Price-Sensitive,2
CUST07526,Price-Sensitive,2
CUST07527,Occasional,3
CUST07528,Price-Sensitive,2
CUST07529,High-Value,1
CUST07530,Occasional,3
CUST07531,Loyal,0
CUST07532,Price-Sensitive,4
CUST07533,High-Value,1
CUST07534,Occasional,3
CUST07535,Occasional,3
CUST07536,Occasional,3
CUST07537,Price-Sensitive,2
CUST07538,Price-Sensitive,2
CUST07539,Occasional,3
CUST07540,High-Value,1
CUST07541,Occasional,3
CUST07542,High-Value,1
CUST07543,Occasional,3
CUST07544,Occasional,3
CUST07545,Price-Sensitive,4
CUST07546,Occasional,3
CUST07547,Occasional,3
CUST07548,Occasional,3
CUST07549,Occasional,3
CUST07550,Price-Sensitive,2
CUST07551,Occasional,3
CUST07552,Price-Sensitive,2
CUST07553,Loyal,0
CUST07554,Loyal,0
CUST07555,Occasional,3
CUST07556,Price-Sensitive,4
CUST07557,Price-Sensitive,4
CUST07558,Occasional,3
CUST07559,High-Value,1
CUST07560,High-Value,1
CUST07561,Occasional,3
CUST07562,Occasional,3
CUST07563,Occasional,3
CUST07564,Occasional,3
CUST07565,Occasional,3
CUST07566,Price-Sensitive,2
CUST07567,Occasional,3
CUST07568,Occasional,3
CUST07569,Occasional,3
CUST07570,Price-Sensitive,2
CUST07571,Price-Sensitive,4
CUST07572,Occasional,3
CUST07573,Loyal,0
CUST07574,High-Value,1
CUST07575,Occasional,3
CUST07576,High-Value,1
CUST07577,Occasional,3
CUST07578,Price-Sensitive,4
CUST07579,Occasional,3
CUST07580,Occasional,3
CUST07581,Loyal,0
CUST07582,Occasional,3
CUST07583,Occasional,3
CUST07584,Loyal,0
CUST07585,High-Value,1
CUST07586,Price-Sensitive,2
CUST07587,Occasional,3
CUST07588,Occasional,3
CUST07589,Occasional,3
CUST07590,High-Value,1
CUST07591,High-Value,1
CUST07592,Loyal,0
CUST07593,Loyal,0
CUST07594,High-Value,1
CUST07595,High-Value,1
CUST07596,Occasional,3
CUST07597,Occasional,3
CUST07598,Occasional,3
CUST07599,Occasional,3
CUST07600,Price-Sensitive,4
CUST07601,High-Value,1
CUST07602,Price-Sensitive,2
CUST07603,High-Value,1
CUST07604,High-Value,1
CUST07605,Occasional,3
CUST07606,High-Value,1
CUST07607,Occasional,3
CUST07608,Occasional,3
CUST07609,Occasional,3
CUST07610,Price-Sensitive,4
CUST07611,High-Value,1
CUST07612,Price-Sensitive,4
CUST07613,Occasional,3
CUST07614,Occasional,3
CUST07615,Occasional,3
CUST07616,Occasional,3
CUST07617,Occasional,3
CUST07618,Occasional,3
CUST07619,High-Value,1
CUST07620,Occasional,3
CUST07621,Price-Sensitive,4
CUST07622,Loyal,0
CUST07623,High-Value,1
CUST07624,Price-Sensitive,4
CUST07625,Occasional,3
CUST07626,Loyal,0
CUST07627,Price-Sensitive,2
CUST07628,Occasional,3
CUST07629,Occasional,3
CUST07630,Price-Sensitive,4
CUST07631,Loyal,0
CUST07632,High-Value,1
CUST07633,Loyal,0
CUST07634,Price-Sensitive,4
CUST07635,High-Value,1
CUST07636,High-Value,1
CUST07637,Loyal,0
CUST07638,High-Value,1
CUST07639,Loyal,0
CUST07640,High-Value,1
CUST07641,Occasional,3
CUST07642,Occasional,3
CUST07643,High-Value,1
CUST07644,Occasional,3
CUST07645,Price-Sensitive,4
CUST07646,Occasional,3
CUST07647,Occasional,3
CUST07648,Price-Sensitive,4
CUST07649,High-Value,1
CUST07650,High-Value,1
CUST07651,Price-Sensitive,4
CUST07652,Occasional,3
CUST07653,High-Value,1
CUST07654,Loyal,0
CUST07655,Occasional,3
CUST07656,Price-Sensitive,2
CUST07657,Occasional,3
CUST07658,Occasional,3
CUST07659,Price-Sensitive,4
CUST07660,High-Value,1
CUST07661,Price-Sensitive,4
CUST07662,High-Value,1
CUST07663,Price-Sensitive,4
CUST07664,Occasional,3
CUST07665,Occasional,3
CUST07666,High-Value,1
CUST07667,High-Value,1
CUST07668,Price-Sensitive,2
CUST07669,Occasional,3
CUST07670,Occasional,3
CUST07671,Occasional,3
CUST07672,Occasional,3
CUST07673,Occasional,3
CUST07674,Occasional,3
CUST07675,High-Value,1
CUST07676,Occasional,3
CUST07677,High-Value,1
CUST07678,Price-Sensitive,4
CUST07679,High-Value,1
CUST07680,Occasional,3
CUST07681,Price-Sensitive,4
CUST07682,Occasional,3
CUST07683,High-Value,1
CUST07684,Loyal,0
CUST07685,Occasional,3
CUST07686,Price-Sensitive,4
CUST07687,Loyal,0
CUST07688,Price-Sensitive,4
CUST07689,Occasional,3
CUST07690,Occasional,3
CUST07691,Price-Sensitive,4
CUST07692,Occasional,3
CUST07693,Loyal,0
CUST07694,Loyal,0
CUST07695,High-Value,1
CUST07696,Occasional,3
CUST07697,Loyal,0
CUST07698,Occasional,3
CUST07699,Occasional,3
CUST07700,Occasional,3
CUST07701,Price-Sensitive,2
CUST07702,High-Value,1
CUST07703,Occasional,3
CUST07704,Price-Sensitive,4
CUST07705,Price-Sensitive,4
CUST07706,Loyal,0
CUST07707,Price-Sensitive,2
CUST07708,Occasional,3
CUST07709,Occasional,3
CUST07710,Occasional,3
CUST07711,Occasional,3
CUST07712,High-Value,1
CUST07713,Price-Sensitive,4
CUST07714,Occasional,3
CUST07715,Occasional,3
CUST07716,Price-Sensitive,2
CUST07717,High-Value,1
CUST07718,High-Value,1
CUST07719,Occasional,3
CUST07720,Occasional,3
CUST07721,High-Value,1
CUST07722,Price-Sensitive,2
CUST07723,Loyal,0
CUST07724,Loyal,0
CUST07725,High-Value,1
CUST07726,High-Value,1
CUST07727,Price-Sensitive,4
CUST07728,High-Value,1
CUST07729,Loyal,0
CUST07730,Price-Sensitive,4
CUST07731,Loyal,0
CUST07732,Occasional,3
CUST07733,Price-Sensitive,2
CUST07734,Occasional,3
CUST07735,High-Value,1
CUST07736,Price-Sensitive,4
CUST07737,Occasional,3
CUST07738,High-Value,1
CUST07739,Loyal,0
CUST07740,Price-Sensitive,2
CUST07741,Occasional,3
CUST07742,High-Value,1
CUST07743,Occasional,3
CUST07744,Loyal,0
CUST07745,High-Value,1
CUST07746,Occasional,3
CUST07747,Occasional,3
CUST07748,Occasional,3
CUST07749,Loyal,0
CUST07750,Price-Sensitive,2
CUST07751,High-Value,1
CUST07752,Occasional,3
CUST07753,Price-Sensitive,4
CUST07754,Occasional,3
CUST07755,Occasional,3
CUST07756,Occasional,3
CUST07757,Occasional,3
CUST07758,Price-Sensitive,4
CUST07759,Loyal,0
CUST07760,Price-Sensitive,2
CUST07761,Price-Sensitive,4
CUST07762,Occasional,3
CUST07763,Occasional,3
CUST07764,Occasional,3
CUST07765,Price-Sensitive,4
CUST07766,Price-Sensitive,2
CUST07767,Price-Sensitive,2
CUST07768,Price-Sensitive,2
CUST07769,High-Value,1
CUST07770,Occasional,3
CUST07771,Occasional,3
CUST07772,Occasional,3
CUST07773,Occasional,3
CUST07774,Occasional,3
CUST07775,Occasional,3
CUST07776,Loyal,0
CUST07777,Loyal,0
CUST07778,Occasional,3
CUST07779,Loyal,0
CUST07780,Occasional,3
CUST07781,Occasional,3
CUST07782,Occasional,3
CUST07783,Price-Sensitive,2
CUST07784,Price-Sensitive,4
CUST07785,Loyal,0
CUST07786,Occasional,3
CUST07787,Occasional,3
CUST07788,High-Value,1
CUST07789,Occasional,3
CUST07790,Loyal,0
CUST07791,Occasional,3
CUST07792,Occasional,3
CUST07793,Occasional,3
CUST07794,Occasional,3
CUST07795,High-Value,1
CUST07796,Price-Sensitive,4
CUST07797,Occasional,3
CUST07798,Occasional,3
CUST07799,High-Value,1
CUST07800,Occasional,3
CUST07801,Price-Sensitive,4
CUST07802,Occasional,3
CUST07803,High-Value,1
CUST07804,Price-Sensitive,2
CUST07805,High-Value,1
CUST07806,Price-Sensitive,2
CUST07807,Price-Sensitive,4
CUST07808,Occasional,3
CUST07809,Occasional,3
CUST07810,Price-Sensitive,4
CUST07811,Occasional,3
CUST07812,Price-Sensitive,4
CUST07813,Occasional,3
CUST07814,Occasional,3
CUST07815,Occasional,3
CUST07816,Occasional,3
CUST07817,High-Value,1
CUST07818,Occasional,3
CUST07819,Occasional,3
CUST07820,Occasional,3
CUST07821,Price-Sensitive,4
CUST07822,Occasional,3
CUST07823,High-Value,1
CUST07824,Occasional,3
CUST07825,Loyal,0
CUST07826,Occasional,3
CUST07827,Occasional,3
CUST07828,Loyal,0
CUST07829,Loyal,0
CUST07830,High-Value,1
CUST07831,Price-Sensitive,4
CUST07832,Occasional,3
CUST07833,High-Value,1
CUST07834,Occasional,3
CUST07835,Price-Sensitive,4
CUST07836,Occasional,3
CUST07837,High-Value,1
CUST07838,Price-Sensitive,4
CUST07839,Price-Sensitive,4
CUST07840,Price-Sensitive,2
CUST07841,Price-Sensitive,2
CUST07842,Occasional,3
CUST07843,High-Value,1
CUST07844,Occasional,3
CUST07845,Price-Sensitive,2
CUST07846,Price-Sensitive,4
CUST07847,Price-Sensitive,4
CUST07848,High-Value,1
CUST07849,Price-Sensitive,2
CUST07850,Loyal,0
CUST07851,Occasional,3
CUST07852,Price-Sensitive,2
CUST07853,Loyal,0
CUST07854,High-Value,1
CUST07855,High-Value,1
CUST07856,Loyal,0
CUST07857,Occasional,3
CUST07858,Occasional,3
CUST07859,Occasional,3
CUST07860,High-Value,1
CUST07861,Price-Sensitive,2
CUST07862,Price-Sensitive,2
CUST07863,Occasional,3
CUST07864,Price-Sensitive,2
CUST07865,Occasional,3
CUST07866,Occasional,3
CUST07867,Price-Sensitive,4
CUST07868,High-Value,1
CUST07869,Occasional,3
CUST07870,Occasional,3
CUST07871,Occasional,3
CUST07872,High-Value,1
CUST07873,Price-Sensitive,4
CUST07874,High-Value,1
CUST07875,Price-Sensitive,4
CUST07876,Occasional,3
CUST07877,Price-Sensitive,4
CUST07878,Price-Sensitive,4
CUST07879,Price-Sensitive,2
CUST07880,Price-Sensitive,2
CUST07881,Price-Sensitive,2
CUST07882,High-Value,1
CUST07883,Occasional,3
CUST07884,High-Value,1
CUST07885,High-Value,1
CUST07886,Price-Sensitive,2
CUST07887,Occasional,3
CUST07888,High-Value,1
CUST07889,Occasional,3
CUST07890,Occasional,3
CUST07891,Occasional,3
CUST07892,High-Value,1
CUST07893,Occasional,3
CUST07894,High-Value,1
CUST07895,High-Value,1
CUST07896,Loyal,0
CUST07897,Loyal,0
CUST07898,Price-Sensitive,4
CUST07899,Occasional,3
CUST07900,Price-Sensitive,2
CUST07901,Occasional,3
CUST07902,Loyal,0
CUST07903,Price-Sensitive,4
CUST07904,Price-Sensitive,2
CUST07905,High-Value,1
CUST07906,Occasional,3
CUST07907,Loyal,0
CUST07908,Occasional,3
CUST07909,Price-Sensitive,4
CUST07910,Occasional,3
CUST07911,High-Value,1
CUST07912,Occasional,3
CUST07913,High-Value,1
CUST07914,Price-Sensitive,4
CUST07915,High-Value,1
CUST07916,Occasional,3
CUST07917,Loyal,0
CUST07918,Occasional,3
CUST07919,High-Value,1
CUST07920,High-Value,1
CUST07921,Loyal,0
CUST07922,Loyal,0
CUST07923,High-Value,1
CUST07924,Occasional,3
CUST07925,Loyal,0
CUST07926,Occasional,3
CUST07927,Occasional,3
CUST07928,High-Value,1
CUST07929,High-Value,1
CUST07930,High-Value,1
CUST07931,Price-Sensitive,2
CUST07932,Price-Sensitive,4
CUST07933,High-Value,1
CUST07934,High-Value,1
CUST07935,High-Value,1
CUST07936,Price-Sensitive,2
CUST07937,Occasional,3
CUST07938,Occasional,3
CUST07939,Loyal,0
CUST07940,Price-Sensitive,4
CUST07941,Loyal,0
CUST07942,Occasional,3
CUST07943,Price-Sensitive,4
CUST07944,Occasional,3
CUST07945,Occasional,3
CUST07946,Occasional,3
CUST07947,Occasional,3
CUST07948,Occasional,3
CUST07949,Occasional,3
CUST07950,Price-Sensitive,4
CUST07951,Occasional,3
CUST07952,High-Value,1
CUST07953,Occasional,3
CUST07954,Occasional,3
CUST07955,Price-Sensitive,4
CUST07956,Occasional,3
CUST07957,Occasional,3
CUST07958,Occasional,3
CUST07959,Occasional,3
CUST07960,High-Value,1
CUST07961,Occasional,3
CUST07962,Price-Sensitive,2
CUST07963,High-Value,1
CUST07964,Occasional,3
CUST07965,Price-Sensitive,4
CUST07966,High-Value,1
CUST07967,Price-Sensitive,2
CUST07968,Occasional,3
CUST07969,Occasional,3
CUST07970,Price-Sensitive,4
CUST07971,Loyal,0
CUST07972,Occasional,3
CUST07973,High-Value,1
CUST07974,Occasional,3
CUST07975,Occasional,3
CUST07976,High-Value,1
CUST07977,Occasional,3
CUST07978,Price-Sensitive,2
CUST07979,Price-Sensitive,2
CUST07980,High-Value,1
CUST07981,High-Value,1
CUST07982,Occasional,3
CUST07983,Occasional,3
CUST07984,High-Value,1
CUST07985,High-Value,1
CUST07986,Loyal,0
CUST07987,Occasional,3
CUST07988,High-Value,1
CUST07989,Occasional,3
CUST07990,Price-Sensitive,4
CUST07991,Occasional,3
CUST07992,Price-Sensitive,4
CUST07993,High-Value,1
CUST07994,Occasional,3
CUST07995,Price-Sensitive,4
CUST07996,High-Value,1
CUST07997,Loyal,0
CUST07998,Occasional,3
CUST07999,Price-Sensitive,4
CUST08000,Occasional,3
CUST08001,Occasional,3
CUST08002,High-Value,1
CUST08003,Occasional,3
CUST08004,Loyal,0
CUST08005,Price-Sensitive,2
CUST08006,Price-Sensitive,2
CUST08007,Occasional,3
CUST08008,Occasional,3
CUST08009,Occasional,3
CUST08010,Occasional,3
CUST08011,High-Value,1
CUST08012,Price-Sensitive,4
CUST08013,High-Value,1
CUST08014,Occasional,3
CUST08015,Occasional,3
CUST08016,Price-Sensitive,2
CUST08017,High-Value,1
CUST08018,Price-Sensitive,2
CUST08019,Price-Sensitive,2
CUST08020,High-Value,1
CUST08021,Price-Sensitive,2
CUST08022,Occasional,3
CUST08023,Price-Sensitive,4
CUST08024,Occasional,3
CUST08025,Occasional,3
CUST08026,Occasional,3
CUST08027,Occasional,3
CUST08028,Loyal,0
CUST08029,Price-Sensitive,2
CUST08030,Occasional,3
CUST08031,Occasional,3
CUST08032,Occasional,3
CUST08033,Price-Sensitive,2
CUST08034,Occasional,3
CUST08035,Price-Sensitive,2
CUST08036,Occasional,3
CUST08037,Occasional,3
CUST08038,High-Value,1
CUST08039,High-Value,1
CUST08040,Loyal,0
CUST08041,Loyal,0
CUST08042,Occasional,3
CUST08043,Occasional,3
CUST08044,High-Value,1
CUST08045,High-Value,1
CUST08046,High-Value,1
CUST08047,High-Value,1
CUST08048,Occasional,3
CUST08049,Occasional,3
CUST08050,Occasional,3
CUST08051,Price-Sensitive,4
CUST08052,High-Value,1
CUST08053,High-Value,1
CUST08054,Price-Sensitive,4
CUST08055,Price-Sensitive,4
CUST08056,Occasional,3
CUST08057,Occasional,3
CUST08058,Occasional,3
CUST08059,Price-Sensitive,4
CUST08060,Occasional,3
CUST08061,Occasional,3
CUST08062,High-Value,1
CUST08063,Occasional,3
CUST08064,Occasional,3
CUST08065,Loyal,0
CUST08066,Loyal,0
CUST08067,Occasional,3
CUST08068,Occasional,3
CUST08069,High-Value,1
CUST08070,High-Value,1
CUST08071,Occasional,3
CUST08072,High-Value,1
CUST08073,Occasional,3
CUST08074,Occasional,3
CUST08075,Price-Sensitive,4
CUST08076,Occasional,3
CUST08077,High-Value,1
CUST08078,Price-Sensitive,2
CUST08079,High-Value,1
CUST08080,Loyal,0
CUST08081,Occasional,3
CUST08082,Price-Sensitive,4
CUST08083,Price-Sensitive,4
CUST08084,Occasional,3
CUST08085,High-Value,1
CUST08086,High-Value,1
CUST08087,Occasional,3
CUST08088,Price-Sensitive,4
CUST08089,Price-Sensitive,2
CUST08090,High-Value,1
CUST08091,High-Value,1
CUST08092,Price-Sensitive,4
CUST08093,Occasional,3
CUST08094,High-Value,1
CUST08095,Occasional,3
CUST08096,Occasional,3
CUST08097,Occasional,3
CUST08098,Occasional,3
CUST08099,Price-Sensitive,2
CUST08100,Occasional,3
CUST08101,High-Value,1
CUST08102,Occasional,3
CUST08103,High-Value,1
CUST08104,High-Value,1
CUST08105,Loyal,0
CUST08106,High-Value,1
CUST08107,Occasional,3
CUST08108,Loyal,0
CUST08109,High-Value,1
CUST08110,Occasional,3
CUST08111,Occasional,3
CUST08112,Price-Sensitive,2
CUST08113,Occasional,3
CUST08114,Occasional,3
CUST08115,Price-Sensitive,2
CUST08116,Occasional,3
CUST08117,Price-Sensitive,2
CUST08118,Occasional,3
CUST08119,Occasional,3
CUST08120,Loyal,0
CUST08121,High-Value,1
CUST08122,High-Value,1
CUST08123,Occasional,3
CUST08124,Occasional,3
CUST08125,Occasional,3
CUST08126,Price-Sensitive,2
CUST08127,Occasional,3
CUST08128,High-Value,1
CUST08129,Occasional,3
CUST08130,Occasional,3
CUST08131,High-Value,1
CUST08132,High-Value,1
CUST08133,Occasional,3
CUST08134,Occasional,3
CUST08135,Occasional,3
CUST08136,Occasional,3
CUST08137,Occasional,3
CUST08138,High-Value,1
CUST08139,Loyal,0
CUST08140,Price-Sensitive,2
CUST08141,Occasional,3
CUST08142,Loyal,0
CUST08143,Occasional,3
CUST08144,Occasional,3
CUST08145,High-Value,1
CUST08146,Loyal,0
CUST08147,Price-Sensitive,2
CUST08148,Price-Sensitive,2
CUST08149,Occasional,3
CUST08150,Occasional,3
CUST08151,Occasional,3
CUST08152,Occasional,3
CUST08153,Price-Sensitive,2
CUST08154,High-Value,1
CUST08155,Loyal,0
CUST08156,High-Value,1
CUST08157,Occasional,3
CUST08158,Loyal,0
CUST08159,High-Value,1
CUST08160,Price-Sensitive,4
CUST08161,High-Value,1
CUST08162,Occasional,3
CUST08163,Price-Sensitive,4
CUST08164,Loyal,0
CUST08165,Occasional,3
CUST08166,Occasional,3
CUST08167,Loyal,0
CUST08168,Price-Sensitive,2
CUST08169,Occasional,3
CUST08170,Occasional,3
CUST08171,Price-Sensitive,2
CUST08172,Occasional,3
CUST08173,Occasional,3
CUST08174,High-Value,1
CUST08175,High-Value,1
CUST08176,High-Value,1
CUST08177,Occasional,3
CUST08178,Occasional,3
CUST08179,Occasional,3
CUST08180,Occasional,3
CUST08181,Occasional,3
CUST08182,Occasional,3
CUST08183,Loyal,0
CUST08184,Occasional,3
CUST08185,Occasional,3
CUST08186,Occasional,3
CUST08187,Occasional,3
CUST08188,Price-Sensitive,2
CUST08189,Occasional,3
CUST08190,High-Value,1
CUST08191,High-Value,1
CUST08192,Price-Sensitive,4
CUST08193,High-Value,1
CUST08194,Price-Sensitive,2
CUST08195,Occasional,3
CUST08196,Price-Sensitive,2
CUST08197,High-Value,1
CUST08198,Loyal,0
CUST08199,Price-Sensitive,2
CUST08200,Price-Sensitive,2
CUST08201,Loyal,0
CUST08202,Occasional,3
CUST08203,High-Value,1
CUST08204,Occasional,3
CUST08205,Price-Sensitive,4
CUST08206,Occasional,3
CUST08207,Price-Sensitive,4
CUST08208,Price-Sensitive,4
CUST08209,Loyal,0
CUST08210,Occasional,3
CUST08211,High-Value,1
CUST08212,Occasional,3
CUST08213,Price-Sensitive,2
CUST08214,Price-Sensitive,4
CUST08215,Occasional,3
CUST08216,High-Value,1
CUST08217,Occasional,3
CUST08218,High-Value,1
CUST08219,High-Value,1
CUST08220,Occasional,3
CUST08221,High-Value,1
CUST08222,Price-Sensitive,4
CUST08223,Price-Sensitive,4
CUST08224,Price-Sensitive,4
CUST08225,Occasional,3
CUST08226,Price-Sensitive,4
CUST08227,Price-Sensitive,2
CUST08228,High-Value,1
CUST08229,Occasional,3
CUST08230,Occasional,3
CUST08231,Occasional,3
CUST08232,Occasional,3
CUST08233,Occasional,3
CUST08234,Occasional,3
CUST08235,Occasional,3
CUST08236,Occasional,3
CUST08237,High-Value,1
CUST08238,Loyal,0
CUST08239,Occasional,3
CUST08240,Loyal,0
CUST08241,High-Value,1
CUST08242,Occasional,3
CUST08243,Occasional,3
CUST08244,Occasional,3
CUST08245,High-Value,1
CUST08246,Occasional,3
CUST08247,Price-Sensitive,2
CUST08248,Occasional,3
CUST08249,Price-Sensitive,4
CUST08250,Price-Sensitive,2
CUST08251,Occasional,3
CUST08252,Occasional,3
CUST08253,Price-Sensitive,4
CUST08254,High-Value,1
CUST08255,High-Value,1
CUST08256,High-Value,1
CUST08257,Occasional,3
CUST08258,Loyal,0
CUST08259,Loyal,0
CUST08260,Price-Sensitive,4
CUST08261,High-Value,1
CUST08262,Price-Sensitive,2
CUST08263,Occasional,3
CUST08264,Occasional,3
CUST08265,Occasional,3
CUST08266,Occasional,3
CUST08267,Loyal,0
CUST08268,Price-Sensitive,2
CUST08269,Occasional,3
CUST08270,Occasional,3
CUST08271,High-Value,1
CUST08272,Price-Sensitive,2
CUST08273,Occasional,3
CUST08274,Loyal,0
CUST08275,Price-Sensitive,2
CUST08276,Occasional,3
CUST08277,Price-Sensitive,4
CUST08278,Occasional,3
CUST08279,Price-Sensitive,4
CUST08280,Price-Sensitive,4
CUST08281,Occasional,3
CUST08282,Loyal,0
CUST08283,Price-Sensitive,4
CUST08284,High-Value,1
CUST08285,Occasional,3
CUST08286,Occasional,3
CUST08287,Occasional,3
CUST08288,High-Value,1
CUST08289,Price-Sensitive,2
CUST08290,Occasional,3
CUST08291,Occasional,3
CUST08292,Price-Sensitive,4
CUST08293,Occasional,3
CUST08294,Loyal,0
CUST08295,Occasional,3
CUST08296,High-Value,1
CUST08297,Occasional,3
CUST08298,Price-Sensitive,2
CUST08299,Price-Sensitive,4
CUST08300,High-Value,1
CUST08301,Occasional,3
CUST08302,Occasional,3
CUST08303,Occasional,3
CUST08304,Occasional,3
CUST08305,High-Value,1
CUST08306,Occasional,3
CUST08307,Occasional,3
CUST08308,Occasional,3
CUST08309,Occasional,3
CUST08310,Price-Sensitive,2
CUST08311,Occasional,3
CUST08312,Occasional,3
CUST08313,High-Value,1
CUST08314,Price-Sensitive,2
CUST08315,Price-Sensitive,2
CUST08316,Price-Sensitive,2
CUST08317,Loyal,0
CUST08318,Price-Sensitive,4
CUST08319,High-Value,1
CUST08320,Occasional,3
CUST08321,Occasional,3
CUST08322,Price-Sensitive,4
CUST08323,Occasional,3
CUST08324,High-Value,1
CUST08325,High-Value,1
CUST08326,Occasional,3
CUST08327,Loyal,0
CUST08328,High-Value,1
CUST08329,Occasional,3
CUST08330,Loyal,0
CUST08331,Occasional,3
CUST08332,Price-Sensitive,2
CUST08333,Price-Sensitive,2
CUST08334,Price-Sensitive,4
CUST08335,High-Value,1
CUST08336,High-Value,1
CUST08337,High-Value,1
CUST08338,Price-Sensitive,4
CUST08339,Loyal,0
CUST08340,High-Value,1
CUST08341,Occasional,3
CUST08342,Loyal,0
CUST08343,Occasional,3
CUST08344,High-Value,1
CUST08345,Occasional,3
CUST08346,Occasional,3
CUST08347,Occasional,3
CUST08348,Price-Sensitive,4
CUST08349,Loyal,0
CUST08350,Occasional,3
CUST08351,Occasional,3
CUST08352,Occasional,3
CUST08353,Loyal,0
CUST08354,Occasional,3
CUST08355,Loyal,0
CUST08356,Price-Sensitive,2
CUST08357,Price-Sensitive,4
CUST08358,Price-Sensitive,4
CUST08359,Price-Sensitive,4
CUST08360,Occasional,3
CUST08361,Price-Sensitive,4
CUST08362,High-Value,1
CUST08363,Occasional,3
CUST08364,High-Value,1
CUST08365,Occasional,3
CUST08366,Occasional,3
CUST08367,Occasional,3
CUST08368,Occasional,3
CUST08369,Price-Sensitive,4
CUST08370,Occasional,3
CUST08371,Occasional,3
CUST08372,Occasional,3
CUST08373,High-Value,1
CUST08374,Occasional,3
CUST08375,Occasional,3
CUST08376,Occasional,3
CUST08377,Occasional,3
CUST08378,Occasional,3
CUST08379,Occasional,3
CUST08380,High-Value,1
CUST08381,Occasional,3
CUST08382,High-Value,1
CUST08383,High-Value,1
CUST08384,High-Value,1
CUST08385,Occasional,3
CUST08386,Price-Sensitive,4
CUST08387,Price-Sensitive,2
CUST08388,High-Value,1
CUST08389,Occasional,3
CUST08390,Occasional,3
CUST08391,High-Value,1
CUST08392,High-Value,1
CUST08393,Price-Sensitive,4
CUST08394,Occasional,3
CUST08395,Price-Sensitive,4
CUST08396,Occasional,3
CUST08397,Occasional,3
CUST08398,Loyal,0
CUST08399,Price-Sensitive,4
CUST08400,Occasional,3
CUST08401,Occasional,3
CUST08402,Occasional,3
CUST08403,High-Value,1
CUST08404,Price-Sensitive,4
CUST08405,Loyal,0
CUST08406,Occasional,3
CUST08407,Occasional,3
CUST08408,Occasional,3
CUST08409,Price-Sensitive,2
CUST08410,Price-Sensitive,4
CUST08411,Occasional,3
CUST08412,Price-Sensitive,2
CUST08413,Price-Sensitive,2
CUST08414,Price-Sensitive,4
CUST08415,Price-Sensitive,2
CUST08416,High-Value,1
CUST08417,High-Value,1
CUST08418,Price-Sensitive,4
CUST08419,Occasional,3
CUST08420,Occasional,3
CUST08421,Price-Sensitive,4
CUST08422,Loyal,0
CUST08423,Occasional,3
CUST08424,Price-Sensitive,2
CUST08425,Price-Sensitive,2
CUST08426,Price-Sensitive,4
CUST08427,Occasional,3
CUST08428,High-Value,1
CUST08429,Loyal,0
CUST08430,Loyal,0
CUST08431,Loyal,0
CUST08432,Occasional,3
CUST08433,Occasional,3
CUST08434,Occasional,3
CUST08435,Occasional,3
CUST08436,Loyal,0
CUST08437,High-Value,1
CUST08438,Price-Sensitive,2
CUST08439,High-Value,1
CUST08440,Occasional,3
CUST08441,Price-Sensitive,4
CUST08442,Price-Sensitive,2
CUST08443,Occasional,3
CUST08444,Occasional,3
CUST08445,Occasional,3
CUST08446,Occasional,3
CUST08447,Price-Sensitive,4
CUST08448,Price-Sensitive,2
CUST08449,High-Value,1
CUST08450,Price-Sensitive,2
CUST08451,Occasional,3
CUST08452,Price-Sensitive,4
CUST08453,High-Value,1
CUST08454,High-Value,1
CUST08455,Price-Sensitive,2
CUST08456,High-Value,1
CUST08457,Occasional,3
CUST08458,Loyal,0
CUST08459,Occasional,3
CUST08460,Loyal,0
CUST08461,Price-Sensitive,4
CUST08462,Occasional,3
CUST08463,Loyal,0
CUST08464,Occasional,3
CUST08465,Occasional,3
CUST08466,Occasional,3
CUST08467,Occasional,3
CUST08468,High-Value,1
CUST08469,Occasional,3
CUST08470,Occasional,3
CUST08471,Occasional,3
CUST08472,Price-Sensitive,4
CUST08473,Price-Sensitive,2
CUST08474,High-Value,1
CUST08475,High-Value,1
CUST08476,Occasional,3
CUST08477,Price-Sensitive,4
CUST08478,Loyal,0
CUST08479,High-Value,1
CUST08480,Price-Sensitive,2
CUST08481,Occasional,3
CUST08482,High-Value,1
CUST08483,Price-Sensitive,4
CUST08484,Occasional,3
CUST08485,High-Value,1
CUST08486,Occasional,3
CUST08487,Occasional,3
CUST08488,Occasional,3
CUST08489,Occasional,3
CUST08490,Loyal,0
CUST08491,Price-Sensitive,2
CUST08492,Loyal,0
CUST08493,Occasional,3
CUST08494,High-Value,1
CUST08495,High-Value,1
CUST08496,High-Value,1
CUST08497,Occasional,3
CUST08498,Price-Sensitive,4
CUST08499,High-Value,1
CUST08500,Occasional,3
CUST08501,High-Value,1
CUST08502,Price-Sensitive,4
CUST08503,Occasional,3
CUST08504,Occasional,3
CUST08505,Occasional,3
CUST08506,Loyal,0
CUST08507,Occasional,3
CUST08508,Occasional,3
CUST08509,Occasional,3
CUST08510,Price-Sensitive,2
CUST08511,Price-Sensitive,4
CUST08512,Occasional,3
CUST08513,Occasional,3
CUST08514,High-Value,1
CUST08515,Occasional,3
CUST08516,High-Value,1
CUST08517,Occasional,3
CUST08518,Occasional,3
CUST08519,Price-Sensitive,4
CUST08520,Price-Sensitive,4
CUST08521,Price-Sensitive,2
CUST08522,Price-Sensitive,4
CUST08523,Occasional,3
CUST08524,High-Value,1
CUST08525,Price-Sensitive,4
CUST08526,High-Value,1
CUST08527,High-Value,1
CUST08528,Occasional,3
CUST08529,Loyal,0
CUST08530,Price-Sensitive,4
CUST08531,Price-Sensitive,2
CUST08532,High-Value,1
CUST08533,High-Value,1
CUST08534,Loyal,0
CUST08535,Loyal,0
CUST08536,High-Value,1
CUST08537,Occasional,3
CUST08538,Occasional,3
CUST08539,Occasional,3
CUST08540,Occasional,3
CUST08541,Occasional,3
CUST08542,Price-Sensitive,4
CUST08543,Occasional,3
CUST08544,Loyal,0
CUST08545,Occasional,3
CUST08546,Occasional,3
CUST08547,Occasional,3
CUST08548,Occasional,3
CUST08549,Price-Sensitive,2
CUST08550,Occasional,3
CUST08551,Price-Sensitive,2
CUST08552,Price-Sensitive,4
CUST08553,Occasional,3
CUST08554,Loyal,0
CUST08555,Occasional,3
CUST08556,Price-Sensitive,2
CUST08557,Occasional,3
CUST08558,Occasional,3
CUST08559,Occasional,3
CUST08560,High-Value,1
CUST08561,Loyal,0
CUST08562,Occasional,3
CUST08563,High-Value,1
CUST08564,Price-Sensitive,4
CUST08565,Occasional,3
CUST08566,Occasional,3
CUST08567,Occasional,3
CUST08568,Occasional,3
CUST08569,Occasional,3
CUST08570,Occasional,3
CUST08571,Price-Sensitive,4
CUST08572,High-Value,1
CUST08573,Occasional,3
CUST08574,High-Value,1
CUST08575,Loyal,0
CUST08576,Price-Sensitive,2
CUST08577,Occasional,3
CUST08578,Price-Sensitive,2
CUST08579,Occasional,3
CUST08580,Occasional,3
CUST08581,High-Value,1
CUST08582,Occasional,3
CUST08583,Loyal,0
CUST08584,Occasional,3
CUST08585,Occasional,3
CUST08586,Occasional,3
CUST08587,Occasional,3
CUST08588,Loyal,0
CUST08589,Price-Sensitive,4
CUST08590,Loyal,0
CUST08591,Loyal,0
CUST08592,High-Value,1
CUST08593,High-Value,1
CUST08594,Price-Sensitive,2
CUST08595,Loyal,0
CUST08596,Occasional,3
CUST08597,Price-Sensitive,2
CUST08598,Price-Sensitive,2
CUST08599,Occasional,3
CUST08600,High-Value,1
CUST08601,High-Value,1
CUST08602,Occasional,3
CUST08603,High-Value,1
CUST08604,Occasional,3
CUST08605,High-Value,1
CUST08606,Occasional,3
CUST08607,High-Value,1
CUST08608,Loyal,0
CUST08609,Occasional,3
CUST08610,High-Value,1
CUST08611,High-Value,1
CUST08612,Price-Sensitive,4
CUST08613,Occasional,3
CUST08614,Price-Sensitive,4
CUST08615,High-Value,1
CUST08616,High-Value,1
CUST08617,Occasional,3
CUST08618,Price-Sensitive,4
CUST08619,High-Value,1
CUST08620,Occasional,3
CUST08621,High-Value,1
CUST08622,Occasional,3
CUST08623,Occasional,3
CUST08624,Price-Sensitive,4
CUST08625,Price-Sensitive,2
CUST08626,Occasional,3
CUST08627,Loyal,0
CUST08628,High-Value,1
CUST08629,Price-Sensitive,4
CUST08630,Occasional,3
CUST08631,Price-Sensitive,2
CUST08632,Loyal,0
CUST08633,Price-Sensitive,2
CUST08634,Price-Sensitive,2
CUST08635,High-Value,1
CUST08636,Loyal,0
CUST08637,High-Value,1
CUST08638,Occasional,3
CUST08639,Occasional,3
CUST08640,Occasional,3
CUST08641,Occasional,3
CUST08642,Loyal,0
CUST08643,High-Value,1
CUST08644,Occasional,3
CUST08645,Occasional,3
CUST08646,Loyal,0
CUST08647,Occasional,3
CUST08648,High-Value,1
CUST08649,Price-Sensitive,4
CUST08650,Occasional,3
CUST08651,Loyal,0
CUST08652,Occasional,3
CUST08653,Price-Sensitive,4
CUST08654,High-Value,1
CUST08655,High-Value,1
CUST08656,Price-Sensitive,2
CUST08657,Occasional,3
CUST08658,Occasional,3
CUST08659,Occasional,3
CUST08660,Occasional,3
CUST08661,Price-Sensitive,2
CUST08662,Occasional,3
CUST08663,Price-Sensitive,2
CUST08664,Loyal,0
CUST08665,Occasional,3
CUST08666,Occasional,3
CUST08667,High-Value,1
CUST08668,Occasional,3
CUST08669,Occasional,3
CUST08670,Price-Sensitive,4
CUST08671,Price-Sensitive,2
CUST08672,High-Value,1
CUST08673,Occasional,3
CUST08674,Occasional,3
CUST08675,Price-Sensitive,2
CUST08676,Occasional,3
CUST08677,Occasional,3
CUST08678,Loyal,0
CUST08679,Occasional,3
CUST08680,Price-Sensitive,2
CUST08681,Loyal,0
CUST08682,High-Value,1
CUST08683,Occasional,3
CUST08684,High-Value,1
CUST08685,Occasional,3
CUST08686,Price-Sensitive,2
CUST08687,High-Value,1
CUST08688,High-Value,1
CUST08689,Occasional,3
CUST08690,Occasional,3
CUST08691,Occasional,3
CUST08692,High-Value,1
CUST08693,Occasional,3
CUST08694,Price-Sensitive,4
CUST08695,Occasional,3
CUST08696,Loyal,0
CUST08697,Occasional,3
CUST08698,Price-Sensitive,2
CUST08699,High-Value,1
CUST08700,Loyal,0
CUST08701,Loyal,0
CUST08702,Loyal,0
CUST08703,Occasional,3
CUST08704,Price-Sensitive,4
CUST08705,Occasional,3
CUST08706,Occasional,3
CUST08707,Occasional,3
CUST08708,Occasional,3
CUST08709,Price-Sensitive,4
CUST08710,High-Value,1
CUST08711,Occasional,3
CUST08712,Price-Sensitive,4
CUST08713,Occasional,3
CUST08714,Occasional,3
CUST08715,High-Value,1
CUST08716,Price-Sensitive,2
CUST08717,Loyal,0
CUST08718,Occasional,3
CUST08719,High-Value,1
CUST08720,Occasional,3
CUST08721,Loyal,0
CUST08722,Occasional,3
CUST08723,High-Value,1
CUST08724,High-Value,1
CUST08725,Occasional,3
CUST08726,Price-Sensitive,2
CUST08727,Price-Sensitive,4
CUST08728,Price-Sensitive,4
CUST08729,Occasional,3
CUST08730,Loyal,0
CUST08731,High-Value,1
CUST08732,Occasional,3
CUST08733,Loyal,0
CUST08734,Occasional,3
CUST08735,Occasional,3
CUST08736,Price-Sensitive,2
CUST08737,Occasional,3
CUST08738,High-Value,1
CUST08739,Occasional,3
CUST08740,Price-Sensitive,4
CUST08741,Price-Sensitive,4
CUST08742,Occasional,3
CUST08743,Price-Sensitive,4
CUST08744,Occasional,3
CUST08745,Occasional,3
CUST08746,High-Value,1
CUST08747,Occasional,3
CUST08748,Loyal,0
CUST08749,Occasional,3
CUST08750,Occasional,3
CUST08751,High-Value,1
CUST08752,Occasional,3
CUST08753,High-Value,1
CUST08754,Occasional,3
CUST08755,Occasional,3
CUST08756,Price-Sensitive,4
CUST08757,Occasional,3
CUST08758,Occasional,3
CUST08759,High-Value,1
CUST08760,High-Value,1
CUST08761,Price-Sensitive,4
CUST08762,High-Value,1
CUST08763,Price-Sensitive,4
CUST08764,Price-Sensitive,2
CUST08765,Occasional,3
CUST08766,Occasional,3
CUST08767,Occasional,3
CUST08768,Occasional,3
CUST08769,Occasional,3
CUST08770,Price-Sensitive,2
CUST08771,Occasional,3
CUST08772,Occasional,3
CUST08773,Occasional,3
CUST08774,Occasional,3
CUST08775,Occasional,3
CUST08776,Occasional,3
CUST08777,Occasional,3
CUST08778,Occasional,3
CUST08779,High-Value,1
CUST08780,Occasional,3
CUST08781,Occasional,3
CUST08782,High-Value,1
CUST08783,Price-Sensitive,4
CUST08784,High-Value,1
CUST08785,Price-Sensitive,4
CUST08786,Occasional,3
CUST08787,Occasional,3
CUST08788,Loyal,0
CUST08789,High-Value,1
CUST08790,Occasional,3
CUST08791,High-Value,1
CUST08792,High-Value,1
CUST08793,Occasional,3
CUST08794,Loyal,0
CUST08795,Loyal,0
CUST08796,High-Value,1
CUST08797,Price-Sensitive,2
CUST08798,Occasional,3
CUST08799,Occasional,3
CUST08800,Price-Sensitive,4
CUST08801,Price-Sensitive,2
CUST08802,Occasional,3
CUST08803,Loyal,0
CUST08804,Occasional,3
CUST08805,Occasional,3
CUST08806,High-Value,1
CUST08807,Loyal,0
CUST08808,High-Value,1
CUST08809,High-Value,1
CUST08810,Occasional,3
CUST08811,Occasional,3
CUST08812,Loyal,0
CUST08813,Occasional,3
CUST08814,Price-Sensitive,2
CUST08815,Price-Sensitive,2
CUST08816,Occasional,3
CUST08817,Occasional,3
CUST08818,Occasional,3
CUST08819,High-Value,1
CUST08820,Price-Sensitive,4
CUST08821,Occasional,3
CUST08822,Price-Sensitive,4
CUST08823,Occasional,3
CUST08824,Occasional,3
CUST08825,Occasional,3
CUST08826,Occasional,3
CUST08827,Price-Sensitive,4
CUST08828,Occasional,3
CUST08829,Occasional,3
CUST08830,High-Value,1
CUST08831,Occasional,3
CUST08832,Price-Sensitive,4
CUST08833,Occasional,3
CUST08834,Occasional,3
CUST08835,High-Value,1
CUST08836,High-Value,1
CUST08837,Price-Sensitive,4
CUST08838,Loyal,0
CUST08839,Occasional,3
CUST08840,High-Value,1
CUST08841,Occasional,3
CUST08842,Occasional,3
CUST08843,Occasional,3
CUST08844,Loyal,0
CUST08845,High-Value,1
CUST08846,Occasional,3
CUST08847,Occasional,3
CUST08848,Price-Sensitive,2
CUST08849,Occasional,3
CUST08850,Occasional,3
CUST08851,Price-Sensitive,2
CUST08852,Price-Sensitive,2
CUST08853,Price-Sensitive,2
CUST08854,Price-Sensitive,2
CUST08855,High-Value,1
CUST08856,High-Value,1
CUST08857,Loyal,0
CUST08858,Price-Sensitive,4
CUST08859,Occasional,3
CUST08860,High-Value,1
CUST08861,High-Value,1
CUST08862,Occasional,3
CUST08863,Occasional,3
CUST08864,High-Value,1
CUST08865,High-Value,1
CUST08866,High-Value,1
CUST08867,Loyal,0
CUST08868,High-Value,1
CUST08869,Loyal,0
CUST08870,Price-Sensitive,4
CUST08871,Occasional,3
CUST08872,Loyal,0
CUST08873,Price-Sensitive,4
CUST08874,Loyal,0
CUST08875,Price-Sensitive,4
CUST08876,High-Value,1
CUST08877,Loyal,0
CUST08878,High-Value,1
CUST08879,High-Value,1
CUST08880,Price-Sensitive,4
CUST08881,High-Value,1
CUST08882,Occasional,3
CUST08883,High-Value,1
CUST08884,High-Value,1
CUST08885,Price-Sensitive,4
CUST08886,Occasional,3
CUST08887,Price-Sensitive,2
CUST08888,Price-Sensitive,2
CUST08889,Price-Sensitive,2
CUST08890,Price-Sensitive,4
CUST08891,Price-Sensitive,4
CUST08892,Price-Sensitive,2
CUST08893,Occasional,3
CUST08894,Occasional,3
CUST08895,Occasional,3
CUST08896,Loyal,0
CUST08897,Loyal,0
CUST08898,Occasional,3
CUST08899,Occasional,3
CUST08900,Occasional,3
CUST08901,Occasional,3
CUST08902,High-Value,1
CUST08903,Price-Sensitive,4
CUST08904,Occasional,3
CUST08905,Occasional,3
CUST08906,High-Value,1
CUST08907,Loyal,0
CUST08908,Occasional,3
CUST08909,Price-Sensitive,4
CUST08910,Occasional,3
CUST08911,Loyal,0
CUST08912,High-Value,1
CUST08913,Price-Sensitive,2
CUST08914,Occasional,3
CUST08915,High-Value,1
CUST08916,Occasional,3
CUST08917,High-Value,1
CUST08918,Occasional,3
CUST08919,Occasional,3
CUST08920,Loyal,0
CUST08921,Price-Sensitive,4
CUST08922,High-Value,1
CUST08923,Price-Sensitive,2
CUST08924,Loyal,0
CUST08925,Price-Sensitive,2
CUST08926,Price-Sensitive,4
CUST08927,High-Value,1
CUST08928,Occasional,3
CUST08929,Price-Sensitive,2
CUST08930,Occasional,3
CUST08931,High-Value,1
CUST08932,High-Value,1
CUST08933,Loyal,0
CUST08934,Price-Sensitive,4
CUST08935,Loyal,0
CUST08936,Occasional,3
CUST08937,Occasional,3
CUST08938,Occasional,3
CUST08939,Loyal,0
CUST08940,High-Value,1
CUST08941,Price-Sensitive,4
CUST08942,Occasional,3
CUST08943,High-Value,1
CUST08944,Price-Sensitive,4
CUST08945,High-Value,1
CUST08946,Occasional,3
CUST08947,Price-Sensitive,4
CUST08948,Occasional,3
CUST08949,Loyal,0
CUST08950,Occasional,3
CUST08951,High-Value,1
CUST08952,Loyal,0
CUST08953,Occasional,3
CUST08954,Occasional,3
CUST08955,Occasional,3
CUST08956,Occasional,3
CUST08957,Loyal,0
CUST08958,High-Value,1
CUST08959,High-Value,1
CUST08960,High-Value,1
CUST08961,Loyal,0
CUST08962,High-Value,1
CUST08963,Occasional,3
CUST08964,Occasional,3
CUST08965,Occasional,3
CUST08966,High-Value,1
CUST08967,Price-Sensitive,4
CUST08968,Price-Sensitive,2
CUST08969,High-Value,1
CUST08970,Price-Sensitive,4
CUST08971,Occasional,3
CUST08972,High-Value,1
CUST08973,Occasional,3
CUST08974,High-Value,1
CUST08975,High-Value,1
CUST08976,High-Value,1
CUST08977,Price-Sensitive,4
CUST08978,Loyal,0
CUST08979,Price-Sensitive,4
CUST08980,Price-Sensitive,2
CUST08981,Loyal,0
CUST08982,Price-Sensitive,4
CUST08983,Occasional,3
CUST08984,High-Value,1
CUST08985,High-Value,1
CUST08986,Occasional,3
CUST08987,Occasional,3
CUST08988,High-Value,1
CUST08989,Price-Sensitive,2
CUST08990,Occasional,3
CUST08991,High-Value,1
CUST08992,Occasional,3
CUST08993,Occasional,3
CUST08994,Loyal,0
CUST08995,Price-Sensitive,2
CUST08996,Price-Sensitive,4
CUST08997,Occasional,3
CUST08998,High-Value,1
CUST08999,Occasional,3
CUST09000,High-Value,1
CUST09001,Price-Sensitive,2
CUST09002,Loyal,0
CUST09003,Occasional,3
CUST09004,Occasional,3
CUST09005,Price-Sensitive,4
CUST09006,Loyal,0
CUST09007,Price-Sensitive,2
CUST09008,Price-Sensitive,2
CUST09009,High-Value,1
CUST09010,Loyal,0
CUST09011,Occasional,3
CUST09012,Occasional,3
CUST09013,Price-Sensitive,2
CUST09014,Occasional,3
CUST09015,Occasional,3
CUST09016,High-Value,1
CUST09017,Occasional,3
CUST09018,Price-Sensitive,4
CUST09019,Loyal,0
CUST09020,Loyal,0
CUST09021,Occasional,3
CUST09022,Price-Sensitive,4
CUST09023,Occasional,3
CUST09024,Occasional,3
CUST09025,Loyal,0
CUST09026,Occasional,3
CUST09027,Price-Sensitive,4
CUST09028,High-Value,1
CUST09029,Occasional,3
CUST09030,Occasional,3
CUST09031,Occasional,3
CUST09032,Occasional,3
CUST09033,Occasional,3
CUST09034,Occasional,3
CUST09035,Price-Sensitive,2
CUST09036,Occasional,3
CUST09037,Occasional,3
CUST09038,Occasional,3
CUST09039,Occasional,3
CUST09040,Occasional,3
CUST09041,High-Value,1
CUST09042,Price-Sensitive,2
CUST09043,Occasional,3
CUST09044,Occasional,3
CUST09045,Occasional,3
CUST09046,Occasional,3
CUST09047,Price-Sensitive,4
CUST09048,Occasional,3
CUST09049,Price-Sensitive,2
CUST09050,Occasional,3
CUST09051,High-Value,1
CUST09052,Price-Sensitive,2
CUST09053,Occasional,3
CUST09054,Loyal,0
CUST09055,Loyal,0
CUST09056,Price-Sensitive,2
CUST09057,Price-Sensitive,4
CUST09058,Occasional,3
CUST09059,High-Value,1
CUST09060,Occasional,3
CUST09061,High-Value,1
CUST09062,Occasional,3
CUST09063,Occasional,3
CUST09064,High-Value,1
CUST09065,Price-Sensitive,4
CUST09066,Occasional,3
CUST09067,Price-Sensitive,2
CUST09068,Occasional,3
CUST09069,Occasional,3
CUST09070,High-Value,1
CUST09071,Loyal,0
CUST09072,Occasional,3
CUST09073,Occasional,3
CUST09074,Occasional,3
CUST09075,High-Value,1
CUST09076,Occasional,3
CUST09077,Occasional,3
CUST09078,Loyal,0
CUST09079,Price-Sensitive,2
CUST09080,Occasional,3
CUST09081,Occasional,3
CUST09082,Occasional,3
CUST09083,High-Value,1
CUST09084,High-Value,1
CUST09085,Price-Sensitive,2
CUST09086,Price-Sensitive,2
CUST09087,Price-Sensitive,2
CUST09088,Price-Sensitive,2
CUST09089,Price-Sensitive,2
CUST09090,Price-Sensitive,4
CUST09091,Loyal,0
CUST09092,Occasional,3
CUST09093,Occasional,3
CUST09094,Occasional,3
CUST09095,Occasional,3
CUST09096,Occasional,3
CUST09097,High-Value,1
CUST09098,Loyal,0
CUST09099,Price-Sensitive,4
CUST09100,Occasional,3
CUST09101,Loyal,0
CUST09102,Price-Sensitive,2
CUST09103,Loyal,0
CUST09104,Occasional,3
CUST09105,Price-Sensitive,4
CUST09106,Occasional,3
CUST09107,Price-Sensitive,4
CUST09108,Occasional,3
CUST09109,Occasional,3
CUST09110,Price-Sensitive,2
CUST09111,Price-Sensitive,4
CUST09112,Occasional,3
CUST09113,Loyal,0
CUST09114,Price-Sensitive,4
CUST09115,Price-Sensitive,4
CUST09116,High-Value,1
CUST09117,Occasional,3
CUST09118,Occasional,3
CUST09119,Occasional,3
CUST09120,Occasional,3
CUST09121,Price-Sensitive,2
CUST09122,High-Value,1
CUST09123,Loyal,0
CUST09124,Loyal,0
CUST09125,Price-Sensitive,4
CUST09126,Price-Sensitive,2
CUST09127,Occasional,3
CUST09128,Occasional,3
CUST09129,Occasional,3
CUST09130,High-Value,1
CUST09131,Occasional,3
CUST09132,Occasional,3
CUST09133,Price-Sensitive,2
CUST09134,High-Value,1
CUST09135,High-Value,1
CUST09136,High-Value,1
CUST09137,Occasional,3
CUST09138,High-Value,1
CUST09139,High-Value,1
CUST09140,Price-Sensitive,4
CUST09141,Price-Sensitive,4
CUST09142,Loyal,0
CUST09143,High-Value,1
CUST09144,Price-Sensitive,4
CUST09145,High-Value,1
CUST09146,Loyal,0
CUST09147,Loyal,0
CUST09148,High-Value,1
CUST09149,Price-Sensitive,4
CUST09150,Occasional,3
CUST09151,Occasional,3
CUST09152,Occasional,3
CUST09153,High-Value,1
CUST09154,Occasional,3
CUST09155,High-Value,1
CUST09156,High-Value,1
CUST09157,Occasional,3
CUST09158,Occasional,3
CUST09159,Price-Sensitive,2
CUST09160,Occasional,3
CUST09161,Loyal,0
CUST09162,Occasional,3
CUST09163,Occasional,3
CUST09164,Occasional,3
CUST09165,Loyal,0
CUST09166,High-Value,1
CUST09167,Occasional,3
CUST09168,High-Value,1
CUST09169,Occasional,3
CUST09170,Occasional,3
CUST09171,High-Value,1
CUST09172,Occasional,3
CUST09173,Loyal,0
CUST09174,Occasional,3
CUST09175,Occasional,3
CUST09176,Occasional,3
CUST09177,High-Value,1
CUST09178,Price-Sensitive,2
CUST09179,Occasional,3
CUST09180,Occasional,3
CUST09181,Price-Sensitive,4
CUST09182,Occasional,3
CUST09183,Occasional,3
CUST09184,Price-Sensitive,2
CUST09185,Price-Sensitive,4
CUST09186,Price-Sensitive,4
CUST09187,Price-Sensitive,2
CUST09188,High-Value,1
CUST09189,Occasional,3
CUST09190,Occasional,3
CUST09191,Price-Sensitive,2
CUST09192,Occasional,3
CUST09193,Occasional,3
CUST09194,Price-Sensitive,4
CUST09195,Occasional,3
CUST09196,Occasional,3
CUST09197,Loyal,0
CUST09198,Loyal,0
CUST09199,Price-Sensitive,4
CUST09200,Occasional,3
CUST09201,Occasional,3
CUST09202,High-Value,1
CUST09203,Price-Sensitive,4
CUST09204,Occasional,3
CUST09205,Occasional,3
CUST09206,Occasional,3
CUST09207,Occasional,3
CUST09208,Loyal,0
CUST09209,Price-Sensitive,4
CUST09210,Price-Sensitive,2
CUST09211,Price-Sensitive,4
CUST09212,High-Value,1
CUST09213,High-Value,1
CUST09214,Occasional,3
CUST09215,Price-Sensitive,4
CUST09216,Occasional,3
CUST09217,Occasional,3
CUST09218,Occasional,3
CUST09219,Price-Sensitive,2
CUST09220,Price-Sensitive,4
CUST09221,High-Value,1
CUST09222,High-Value,1
CUST09223,Loyal,0
CUST09224,Loyal,0
CUST09225,High-Value,1
CUST09226,Occasional,3
CUST09227,Price-Sensitive,2
CUST09228,Price-Sensitive,4
CUST09229,Occasional,3
CUST09230,Occasional,3
CUST09231,Occasional,3
CUST09232,Loyal,0
CUST09233,Price-Sensitive,2
CUST09234,Occasional,3
CUST09235,High-Value,1
CUST09236,Price-Sensitive,4
CUST09237,Occasional,3
CUST09238,Loyal,0
CUST09239,Occasional,3
CUST09240,Occasional,3
CUST09241,Price-Sensitive,4
CUST09242,Occasional,3
CUST09243,High-Value,1
CUST09244,Price-Sensitive,4
CUST09245,Occasional,3
CUST09246,Price-Sensitive,4
CUST09247,Occasional,3
CUST09248,High-Value,1
CUST09249,Price-Sensitive,4
CUST09250,High-Value,1
CUST09251,Occasional,3
CUST09252,Occasional,3
CUST09253,High-Value,1
CUST09254,Occasional,3
CUST09255,High-Value,1
CUST09256,Price-Sensitive,4
CUST09257,High-Value,1
CUST09258,Price-Sensitive,2
CUST09259,Price-Sensitive,2
CUST09260,Occasional,3
CUST09261,Occasional,3
CUST09262,Occasional,3
CUST09263,High-Value,1
CUST09264,Loyal,0
CUST09265,Price-Sensitive,4
CUST09266,Price-Sensitive,4
CUST09267,Loyal,0
CUST09268,Price-Sensitive,2
CUST09269,High-Value,1
CUST09270,Price-Sensitive,4
CUST09271,Occasional,3
CUST09272,High-Value,1
CUST09273,Occasional,3
CUST09274,High-Value,1
CUST09275,High-Value,1
CUST09276,High-Value,1
CUST09277,Loyal,0
CUST09278,Price-Sensitive,4
CUST09279,Occasional,3
CUST09280,Price-Sensitive,4
CUST09281,Price-Sensitive,2
CUST09282,Occasional,3
CUST09283,Loyal,0
CUST09284,Occasional,3
CUST09285,Occasional,3
CUST09286,Price-Sensitive,2
CUST09287,Occasional,3
CUST09288,Occasional,3
CUST09289,Occasional,3
CUST09290,Price-Sensitive,4
CUST09291,Occasional,3
CUST09292,High-Value,1
CUST09293,Price-Sensitive,2
CUST09294,Price-Sensitive,4
CUST09295,Price-Sensitive,2
CUST09296,Occasional,3
CUST09297,Occasional,3
CUST09298,Occasional,3
CUST09299,Loyal,0
CUST09300,Occasional,3
CUST09301,Price-Sensitive,4
CUST09302,Loyal,0
CUST09303,Loyal,0
CUST09304,Occasional,3
CUST09305,Price-Sensitive,4
CUST09306,Occasional,3
CUST09307,Occasional,3
CUST09308,Price-Sensitive,2
CUST09309,Occasional,3
CUST09310,Price-Sensitive,2
CUST09311,Loyal,0
CUST09312,Occasional,3
CUST09313,High-Value,1
CUST09314,Occasional,3
CUST09315,High-Value,1
CUST09316,High-Value,1
CUST09317,Occasional,3
CUST09318,High-Value,1
CUST09319,High-Value,1
CUST09320,Price-Sensitive,4
CUST09321,High-Value,1
CUST09322,Price-Sensitive,4
CUST09323,Occasional,3
CUST09324,Price-Sensitive,4
CUST09325,High-Value,1
CUST09326,Occasional,3
CUST09327,High-Value,1
CUST09328,Price-Sensitive,4
CUST09329,Loyal,0
CUST09330,Price-Sensitive,4
CUST09331,High-Value,1
CUST09332,High-Value,1
CUST09333,Occasional,3
CUST09334,Price-Sensitive,2
CUST09335,Occasional,3
CUST09336,High-Value,1
CUST09337,High-Value,1
CUST09338,Price-Sensitive,2
CUST09339,Price-Sensitive,2
CUST09340,Occasional,3
CUST09341,Price-Sensitive,2
CUST09342,Occasional,3
CUST09343,Occasional,3
CUST09344,High-Value,1
CUST09345,Occasional,3
CUST09346,High-Value,1
CUST09347,High-Value,1
CUST09348,High-Value,1
CUST09349,Occasional,3
CUST09350,Occasional,3
CUST09351,Occasional,3
CUST09352,Price-Sensitive,2
CUST09353,Price-Sensitive,4
CUST09354,Loyal,0
CUST09355,Price-Sensitive,4
CUST09356,Price-Sensitive,2
CUST09357,Price-Sensitive,4
CUST09358,Occasional,3
CUST09359,Price-Sensitive,4
CUST09360,Loyal,0
CUST09361,High-Value,1
CUST09362,Occasional,3
CUST09363,High-Value,1
CUST09364,High-Value,1
CUST09365,Price-Sensitive,4
CUST09366,Price-Sensitive,4
CUST09367,Price-Sensitive,2
CUST09368,Occasional,3
CUST09369,Price-Sensitive,2
CUST09370,Occasional,3
CUST09371,Occasional,3
CUST09372,High-Value,1
CUST09373,Occasional,3
CUST09374,Loyal,0
CUST09375,High-Value,1
CUST09376,Occasional,3
CUST09377,Occasional,3
CUST09378,High-Value,1
CUST09379,Occasional,3
CUST09380,Occasional,3
CUST09381,Occasional,3
CUST09382,Price-Sensitive,2
CUST09383,Price-Sensitive,4
CUST09384,Occasional,3
CUST09385,Price-Sensitive,2
CUST09386,Price-Sensitive,2
CUST09387,High-Value,1
CUST09388,Price-Sensitive,2
CUST09389,Occasional,3
CUST09390,Occasional,3
CUST09391,High-Value,1
CUST09392,Loyal,0
CUST09393,Price-Sensitive,2
CUST09394,Price-Sensitive,4
CUST09395,High-Value,1
CUST09396,Price-Sensitive,2
CUST09397,Occasional,3
CUST09398,Occasional,3
CUST09399,Occasional,3
CUST09400,Occasional,3
CUST09401,High-Value,1
CUST09402,Occasional,3
CUST09403,Price-Sensitive,4
CUST09404,Price-Sensitive,4
CUST09405,Occasional,3
CUST09406,Price-Sensitive,4
CUST09407,Price-Sensitive,4
CUST09408,Loyal,0
CUST09409,Loyal,0
CUST09410,Price-Sensitive,2
CUST09411,Occasional,3
CUST09412,Loyal,0
CUST09413,High-Value,1
CUST09414,Occasional,3
CUST09415,Loyal,0
CUST09416,High-Value,1
CUST09417,Price-Sensitive,4
CUST09418,Price-Sensitive,2
CUST09419,High-Value,1
CUST09420,Price-Sensitive,2
CUST09421,Price-Sensitive,4
CUST09422,Occasional,3
CUST09423,High-Value,1
CUST09424,Price-Sensitive,2
CUST09425,Occasional,3
CUST09426,High-Value,1
CUST09427,High-Value,1
CUST09428,Price-Sensitive,2
CUST09429,Occasional,3
CUST09430,Price-Sensitive,2
CUST09431,Price-Sensitive,4
CUST09432,Price-Sensitive,4
CUST09433,High-Value,1
CUST09434,Occasional,3
CUST09435,Occasional,3
CUST09436,High-Value,1
CUST09437,Occasional,3
CUST09438,Price-Sensitive,4
CUST09439,Occasional,3
CUST09440,Price-Sensitive,4
CUST09441,High-Value,1
CUST09442,High-Value,1
CUST09443,High-Value,1
CUST09444,High-Value,1
CUST09445,Occasional,3
CUST09446,High-Value,1
CUST09447,Occasional,3
CUST09448,Loyal,0
CUST09449,Occasional,3
CUST09450,Occasional,3
CUST09451,Occasional,3
CUST09452,High-Value,1
CUST09453,Occasional,3
CUST09454,Occasional,3
CUST09455,Occasional,3
CUST09456,Occasional,3
CUST09457,Price-Sensitive,2
CUST09458,Price-Sensitive,4
CUST09459,High-Value,1
CUST09460,Price-Sensitive,4
CUST09461,Occasional,3
CUST09462,Occasional,3
CUST09463,Occasional,3
CUST09464,Occasional,3
CUST09465,Price-Sensitive,4
CUST09466,High-Value,1
CUST09467,Loyal,0
CUST09468,Occasional,3
CUST09469,Price-Sensitive,2
CUST09470,Price-Sensitive,2
CUST09471,Occasional,3
CUST09472,Occasional,3
CUST09473,Occasional,3
CUST09474,Occasional,3
CUST09475,High-Value,1
CUST09476,High-Value,1
CUST09477,Occasional,3
CUST09478,Price-Sensitive,4
CUST09479,Price-Sensitive,4
CUST09480,Occasional,3
CUST09481,Loyal,0
CUST09482,Loyal,0
CUST09483,Loyal,0
CUST09484,Price-Sensitive,4
CUST09485,Occasional,3
CUST09486,High-Value,1
CUST09487,Price-Sensitive,4
CUST09488,Occasional,3
CUST09489,Occasional,3
CUST09490,Price-Sensitive,4
CUST09491,Price-Sensitive,4
CUST09492,Price-Sensitive,4
CUST09493,High-Value,1
CUST09494,Price-Sensitive,2
CUST09495,Occasional,3
CUST09496,Occasional,3
CUST09497,Price-Sensitive,4
CUST09498,High-Value,1
CUST09499,Occasional,3
CUST09500,Occasional,3
CUST09501,Price-Sensitive,2
CUST09502,High-Value,1
CUST09503,Loyal,0
CUST09504,High-Value,1
CUST09505,Occasional,3
CUST09506,Price-Sensitive,4
CUST09507,Occasional,3
CUST09508,Occasional,3
CUST09509,Loyal,0
CUST09510,Price-Sensitive,4
CUST09511,Occasional,3
CUST09512,Occasional,3
CUST09513,Occasional,3
CUST09514,Price-Sensitive,2
CUST09515,Occasional,3
CUST09516,Occasional,3
CUST09517,High-Value,1
CUST09518,Occasional,3
CUST09519,High-Value,1
CUST09520,Price-Sensitive,2
CUST09521,Occasional,3
CUST09522,Occasional,3
CUST09523,Occasional,3
CUST09524,Loyal,0
CUST09525,Occasional,3
CUST09526,Occasional,3
CUST09527,Price-Sensitive,2
CUST09528,Occasional,3
CUST09529,Price-Sensitive,4
CUST09530,Price-Sensitive,2
CUST09531,Occasional,3
CUST09532,Occasional,3
CUST09533,Occasional,3
CUST09534,Price-Sensitive,4
CUST09535,Loyal,0
CUST09536,Loyal,0
CUST09537,Occasional,3
CUST09538,Price-Sensitive,2
CUST09539,Price-Sensitive,2
CUST09540,Price-Sensitive,4
CUST09541,Occasional,3
CUST09542,Occasional,3
CUST09543,Occasional,3
CUST09544,High-Value,1
CUST09545,Occasional,3
CUST09546,Occasional,3
CUST09547,High-Value,1
CUST09548,Occasional,3
CUST09549,Occasional,3
CUST09550,Occasional,3
CUST09551,High-Value,1
CUST09552,Loyal,0
CUST09553,High-Value,1
CUST09554,Occasional,3
CUST09555,Occasional,3
CUST09556,Occasional,3
CUST09557,Occasional,3
CUST09558,High-Value,1
CUST09559,Occasional,3
CUST09560,High-Value,1
CUST09561,High-Value,1
CUST09562,Loyal,0
CUST09563,Price-Sensitive,4
CUST09564,Price-Sensitive,4
CUST09565,Occasional,3
CUST09566,Price-Sensitive,4
CUST09567,Occasional,3
CUST09568,Occasional,3
CUST09569,Price-Sensitive,4
CUST09570,Price-Sensitive,2
CUST09571,Occasional,3
CUST09572,Occasional,3
CUST09573,High-Value,1
CUST09574,High-Value,1
CUST09575,Occasional,3
CUST09576,Price-Sensitive,2
CUST09577,Price-Sensitive,2
CUST09578,Occasional,3
CUST09579,High-Value,1
CUST09580,Occasional,3
CUST09581,Occasional,3
CUST09582,High-Value,1
CUST09583,Occasional,3
CUST09584,Occasional,3
CUST09585,Loyal,0
CUST09586,Occasional,3
CUST09587,Occasional,3
CUST09588,Loyal,0
CUST09589,Loyal,0
CUST09590,Price-Sensitive,2
CUST09591,Occasional,3
CUST09592,Price-Sensitive,2
CUST09593,Price-Sensitive,4
CUST09594,Price-Sensitive,4
CUST09595,Occasional,3
CUST09596,Occasional,3
CUST09597,Occasional,3
CUST09598,Price-Sensitive,4
CUST09599,Price-Sensitive,2
CUST09600,Occasional,3
CUST09601,Occasional,3
CUST09602,Occasional,3
CUST09603,Occasional,3
CUST09604,Occasional,3
CUST09605,Occasional,3
CUST09606,High-Value,1
CUST09607,High-Value,1
CUST09608,Price-Sensitive,2
CUST09609,Occasional,3
CUST09610,Price-Sensitive,2
CUST09611,Price-Sensitive,4
CUST09612,Occasional,3
CUST09613,Occasional,3
CUST09614,Occasional,3
CUST09615,Occasional,3
CUST09616,Loyal,0
CUST09617,Price-Sensitive,4
CUST09618,High-Value,1
CUST09619,High-Value,1
CUST09620,Loyal,0
CUST09621,Occasional,3
CUST09622,Loyal,0
CUST09623,High-Value,1
CUST09624,Price-Sensitive,2
CUST09625,Price-Sensitive,4
CUST09626,Occasional,3
CUST09627,Occasional,3
CUST09628,Occasional,3
CUST09629,Price-Sensitive,2
CUST09630,High-Value,1
CUST09631,Loyal,0
CUST09632,Occasional,3
CUST09633,High-Value,1
CUST09634,High-Value,1
CUST09635,Occasional,3
CUST09636,Price-Sensitive,2
CUST09637,Occasional,3
CUST09638,Occasional,3
CUST09639,Loyal,0
CUST09640,Price-Sensitive,2
CUST09641,Price-Sensitive,4
CUST09642,Occasional,3
CUST09643,Occasional,3
CUST09644,Price-Sensitive,4
CUST09645,Price-Sensitive,2
CUST09646,Occasional,3
CUST09647,Price-Sensitive,4
CUST09648,Price-Sensitive,2
CUST09649,Occasional,3
CUST09650,Occasional,3
CUST09651,Occasional,3
CUST09652,Occasional,3
CUST09653,Occasional,3
CUST09654,High-Value,1
CUST09655,Occasional,3
CUST09656,Loyal,0
CUST09657,Price-Sensitive,4
CUST09658,Occasional,3
CUST09659,Occasional,3
CUST09660,Price-Sensitive,4
CUST09661,High-Value,1
CUST09662,Occasional,3
CUST09663,Occasional,3
CUST09664,Occasional,3
CUST09665,High-Value,1
CUST09666,Occasional,3
CUST09667,Occasional,3
CUST09668,Occasional,3
CUST09669,Loyal,0
CUST09670,Occasional,3
CUST09671,Occasional,3
CUST09672,Price-Sensitive,2
CUST09673,Occasional,3
CUST09674,Price-Sensitive,2
CUST09675,Price-Sensitive,2
CUST09676,Occasional,3
CUST09677,High-Value,1
CUST09678,High-Value,1
CUST09679,Price-Sensitive,2
CUST09680,Price-Sensitive,4
CUST09681,Occasional,3
CUST09682,High-Value,1
CUST09683,High-Value,1
CUST09684,Occasional,3
CUST09685,Price-Sensitive,2
CUST09686,Price-Sensitive,2
CUST09687,High-Value,1
CUST09688,Occasional,3
CUST09689,Loyal,0
CUST09690,Occasional,3
CUST09691,Occasional,3
CUST09692,High-Value,1
CUST09693,Occasional,3
CUST09694,Loyal,0
CUST09695,Occasional,3
CUST09696,Occasional,3
CUST09697,Loyal,0
CUST09698,High-Value,1
CUST09699,Occasional,3
CUST09700,Price-Sensitive,2
CUST09701,Occasional,3
CUST09702,Occasional,3
CUST09703,Price-Sensitive,2
CUST09704,Occasional,3
CUST09705,Occasional,3
CUST09706,Occasional,3
CUST09707,Price-Sensitive,2
CUST09708,Loyal,0
CUST09709,Price-Sensitive,4
CUST09710,Occasional,3
CUST09711,Loyal,0
CUST09712,Occasional,3
CUST09713,Occasional,3
CUST09714,Price-Sensitive,2
CUST09715,Price-Sensitive,4
CUST09716,Price-Sensitive,2
CUST09717,Occasional,3
CUST09718,Price-Sensitive,4
CUST09719,Occasional,3
CUST09720,Occasional,3
CUST09721,Loyal,0
CUST09722,Occasional,3
CUST09723,High-Value,1
CUST09724,Occasional,3
CUST09725,Price-Sensitive,4
CUST09726,Loyal,0
CUST09727,Occasional,3
CUST09728,Price-Sensitive,4
CUST09729,Occasional,3
CUST09730,High-Value,1
CUST09731,Occasional,3
CUST09732,High-Value,1
CUST09733,Occasional,3
CUST09734,High-Value,1
CUST09735,Loyal,0
CUST09736,Occasional,3
CUST09737,Price-Sensitive,2
CUST09738,Occasional,3
CUST09739,Occasional,3
CUST09740,Occasional,3
CUST09741,Occasional,3
CUST09742,Occasional,3
CUST09743,Occasional,3
CUST09744,Price-Sensitive,4
CUST09745,Occasional,3
CUST09746,Occasional,3
CUST09747,Price-Sensitive,2
CUST09748,Occasional,3
CUST09749,Occasional,3
CUST09750,Occasional,3
CUST09751,Price-Sensitive,2
CUST09752,High-Value,1
CUST09753,Loyal,0
CUST09754,Occasional,3
CUST09755,Occasional,3
CUST09756,High-Value,1
CUST09757,Occasional,3
CUST09758,Occasional,3
CUST09759,Loyal,0
CUST09760,Occasional,3
CUST09761,Price-Sensitive,2
CUST09762,Occasional,3
CUST09763,High-Value,1
CUST09764,Occasional,3
CUST09765,Occasional,3
CUST09766,Occasional,3
CUST09767,High-Value,1
CUST09768,Occasional,3
CUST09769,Occasional,3
CUST09770,Loyal,0
CUST09771,High-Value,1
CUST09772,Occasional,3
CUST09773,Occasional,3
CUST09774,Occasional,3
CUST09775,Occasional,3
CUST09776,High-Value,1
CUST09777,Occasional,3
CUST09778,Loyal,0
CUST09779,Occasional,3
CUST09780,Occasional,3
CUST09781,High-Value,1
CUST09782,Occasional,3
CUST09783,Occasional,3
CUST09784,Loyal,0
CUST09785,High-Value,1
CUST09786,Occasional,3
CUST09787,Loyal,0
CUST09788,Occasional,3
CUST09789,Price-Sensitive,4
CUST09790,Price-Sensitive,2
CUST09791,Occasional,3
CUST09792,Occasional,3
CUST09793,Occasional,3
CUST09794,Loyal,0
CUST09795,Occasional,3
CUST09796,Loyal,0
CUST09797,Price-Sensitive,4
CUST09798,Occasional,3
CUST09799,Price-Sensitive,2
CUST09800,Occasional,3
CUST09801,Occasional,3
CUST09802,High-Value,1
CUST09803,Occasional,3
CUST09804,Loyal,0
CUST09805,Price-Sensitive,4
CUST09806,Price-Sensitive,4
CUST09807,Loyal,0
CUST09808,Occasional,3
CUST09809,Occasional,3
CUST09810,High-Value,1
CUST09811,Loyal,0
CUST09812,Occasional,3
CUST09813,High-Value,1
CUST09814,Occasional,3
CUST09815,Occasional,3
CUST09816,Loyal,0
CUST09817,Occasional,3
CUST09818,Loyal,0
CUST09819,Loyal,0
CUST09820,Occasional,3
CUST09821,Occasional,3
CUST09822,Occasional,3
CUST09823,Occasional,3
CUST09824,Occasional,3
CUST09825,Price-Sensitive,4
CUST09826,High-Value,1
CUST09827,Loyal,0
CUST09828,High-Value,1
CUST09829,Price-Sensitive,4
CUST09830,High-Value,1
CUST09831,Price-Sensitive,2
CUST09832,Occasional,3
CUST09833,Occasional,3
CUST09834,Occasional,3
CUST09835,Loyal,0
CUST09836,Occasional,3
CUST09837,High-Value,1
CUST09838,Occasional,3
CUST09839,High-Value,1
CUST09840,Occasional,3
CUST09841,Price-Sensitive,4
CUST09842,High-Value,1
CUST09843,Price-Sensitive,4
CUST09844,Price-Sensitive,2
CUST09845,Occasional,3
CUST09846,High-Value,1
CUST09847,Price-Sensitive,4
CUST09848,High-Value,1
CUST09849,High-Value,1
CUST09850,Loyal,0
CUST09851,Price-Sensitive,4
CUST09852,Occasional,3
CUST09853,Price-Sensitive,4
CUST09854,High-Value,1
CUST09855,Loyal,0
CUST09856,Loyal,0
CUST09857,Price-Sensitive,4
CUST09858,Occasional,3
CUST09859,High-Value,1
CUST09860,Occasional,3
CUST09861,High-Value,1
CUST09862,Price-Sensitive,2
CUST09863,High-Value,1
CUST09864,Occasional,3
CUST09865,Occasional,3
CUST09866,Occasional,3
CUST09867,Occasional,3
CUST09868,Occasional,3
CUST09869,High-Value,1
CUST09870,Occasional,3
CUST09871,Loyal,0
CUST09872,Occasional,3
CUST09873,High-Value,1
CUST09874,Occasional,3
CUST09875,Price-Sensitive,4
CUST09876,Price-Sensitive,4
CUST09877,Price-Sensitive,4
CUST09878,Loyal,0
CUST09879,Occasional,3
CUST09880,Price-Sensitive,2
CUST09881,Occasional,3
CUST09882,Price-Sensitive,4
CUST09883,Price-Sensitive,2
CUST09884,Loyal,0
CUST09885,Occasional,3
CUST09886,Price-Sensitive,4
CUST09887,Price-Sensitive,2
CUST09888,Occasional,3
CUST09889,High-Value,1
CUST09890,Price-Sensitive,2
CUST09891,High-Value,1
CUST09892,Occasional,3
CUST09893,Price-Sensitive,4
CUST09894,Loyal,0
CUST09895,Occasional,3
CUST09896,Loyal,0
CUST09897,High-Value,1
CUST09898,Occasional,3
CUST09899,Occasional,3
CUST09900,Occasional,3
CUST09901,Occasional,3
CUST09902,Occasional,3
CUST09903,Price-Sensitive,4
CUST09904,Occasional,3
CUST09905,Occasional,3
CUST09906,Price-Sensitive,4
CUST09907,Occasional,3
CUST09908,Loyal,0
CUST09909,Occasional,3
CUST09910,Loyal,0
CUST09911,High-Value,1
CUST09912,High-Value,1
CUST09913,Occasional,3
CUST09914,Price-Sensitive,2
CUST09915,High-Value,1
CUST09916,Occasional,3
CUST09917,Price-Sensitive,4
CUST09918,Occasional,3
CUST09919,High-Value,1
CUST09920,Price-Sensitive,2
CUST09921,Loyal,0
CUST09922,High-Value,1
CUST09923,High-Value,1
CUST09924,High-Value,1
CUST09925,High-Value,1
CUST09926,Price-Sensitive,2
CUST09927,Occasional,3
CUST09928,Occasional,3
CUST09929,Price-Sensitive,2
CUST09930,Price-Sensitive,4
CUST09931,High-Value,1
CUST09932,Loyal,0
CUST09933,Price-Sensitive,2
CUST09934,Price-Sensitive,2
CUST09935,Price-Sensitive,4
CUST09936,Occasional,3
CUST09937,Price-Sensitive,2
CUST09938,Occasional,3
CUST09939,High-Value,1
CUST09940,Loyal,0
CUST09941,High-Value,1
CUST09942,Occasional,3
CUST09943,Occasional,3
CUST09944,High-Value,1
CUST09945,Price-Sensitive,2
CUST09946,High-Value,1
CUST09947,High-Value,1
CUST09948,Price-Sensitive,4
CUST09949,Occasional,3
CUST09950,High-Value,1
CUST09951,High-Value,1
CUST09952,Occasional,3
CUST09953,Price-Sensitive,4
CUST09954,Loyal,0
CUST09955,Price-Sensitive,4
CUST09956,Price-Sensitive,4
CUST09957,Occasional,3
CUST09958,Loyal,0
CUST09959,Price-Sensitive,4
CUST09960,High-Value,1
CUST09961,Occasional,3
CUST09962,Price-Sensitive,2
CUST09963,High-Value,1
CUST09964,Price-Sensitive,4
CUST09965,Occasional,3
CUST09966,High-Value,1
CUST09967,Occasional,3
CUST09968,Occasional,3
CUST09969,Occasional,3
CUST09970,Loyal,0
CUST09971,Price-Sensitive,2
CUST09972,Occasional,3
CUST09973,Occasional,3
CUST09974,Price-Sensitive,4
CUST09975,Loyal,0
CUST09976,High-Value,1
CUST09977,High-Value,1
CUST09978,Price-Sensitive,4
CUST09979,High-Value,1
CUST09980,High-Value,1
CUST09981,Price-Sensitive,4
CUST09982,Occasional,3
CUST09983,Occasional,3
CUST09984,Occasional,3
CUST09985,Occasional,3
CUST09986,Price-Sensitive,2
CUST09987,Price-Sensitive,4
CUST09988,Price-Sensitive,2
CUST09989,High-Value,1
CUST09990,High-Value,1
CUST09991,Occasional,3
CUST09992,Occasional,3
CUST09993,Loyal,0
CUST09994,Occasional,3
CUST09995,Occasional,3
CUST09996,High-Value,1
CUST09997,Price-Sensitive,2
CUST09998,Price-Sensitive,4
CUST09999,Price-Sensitive,4
CUST10000,High-Value,1
